Film_Adi_TR,Film_Adi_Yabanci,Film_Turu,Yonetmen,Vizyon_Tarihi,Seyirci_Sayisi,Toplam Hasılat,Yapimci,Oyuncular,IMDb,Gosterim_Hafta,Yapimci_Ulke
Creed III: Efsane Devam Ediyor,Creed III,"Macera, Dram, Spor",Michael B. Jordan,3/3/2023,"52,421","4,555,536","Irwin Winkler, Charles Winkler, William Chartoff","Michael B. Jordan, Tessa Thompson, Jonathan Majors",6.7,4,ABD
Karlar Kralı Norm 3: Aile Tatili,Norm of the North: Family Vacation,Animasyon,Anthony Bell,3/17/2023,"51,270","3,748,155","Andrew Tight, Лиз Янг","Lisa Durupt, Jonathan Holmes, Brian Drummond",3.0,12,ABD
Konuş Benimle,Talk to Me,"Korku, Gerilim","Danny Philippou, Michael Philippou",9/1/2023,"50,352","4,963,713","Kristina Ceyton, Samantha Jennings","Sophie Wilde, Alexandra Jensen, Joe Bird",7.1,10,Avustralya
Hayat,,Dram,Zeki Demirkubuz,12/15/2023,"70,036","8,774,952",Mavi Film,"Miray Daner, Burak Dakak, Cem Davran",7.4,14,Türkiye
Şeytanın Düşmanı,The Pope's Exorcist,"Korku, Gerilim",Julius Avery,5/5/2023,"49,351","3,954,163","Doug Belgrad, Michael Patrick Kaczmarek, Jeff Katz","Russell Crowe, Ralph Ineson, Franco Nero",6.1,8,ABD
Çocuk ve Balıkçıl,"Kimitachi wa dô ikiru ka, The Boy and the Heron","Macera, Animasyon, Dram",Hayao Miyazaki,10/27/2023,"59,748","6,513,691","Gorō Miyazaki, Toshio Suzuki, Koji Hoshino","Soma Santoki, Masaki Suda, Kô Shibasaki",7.6,21,Japonya
Mavka: Ormanın Şarkısı,"Mavka, Mavka: The Forest Song",Animasyon,"Oleksandra Ruban, Oleh Malamuzh, Yevheniy Yermak",10/27/2023,"48,343","4,926,077","Egor Olesov, Anna Eliseeva, Iryna Kostiuk","Nataliya Denisenko, Artem Pivovarov, Elena Kravets",6.6,16,Ukrayna
Alem-i Cin 4,,Korku,Burak Çelik,4/21/2023,"45,351","3,492,230",BMS Film,"Merve Özel, Onur Aziz Özdemir, Levent Çakır",2.8,4,Türkiye
Meksika Açmazı,,Komedi,Alper Mestçi,11/17/2023,"43,725","5,113,083","Muhteşem Film, TME Films","Mesut Süre, Fazlı Polat, Anlatanadam",4.0,7.5,Türkiye
65,,"Gerilim, Bilim-Kurgu","Bryan Woods, Scott Beck",3/10/2023,"43,546","3,402,162","Scott Beck, Bryan Woods, Sam Raimi","Adam Driver, Ariana Greenblatt, Chloe Coleman",5.4,6,ABD
Yaratıcı,The Creator,"Bilim-Kurgu, Dram, Romantik",Gareth Edwards,9/29/2023,"41,795","4,973,284","Gareth Edwards, Arnon Milchan, Kiri Hart","John David Washington, Madeleine Yuna Voyles, Gemma Chan",6.8,4,ABD
Gran Turismo,,"Macera, Dram, Spor",Neill Blomkamp,8/25/2023,"41,633","4,706,632","Dana Brunetti, Carter Swan, Doug Belgrad","Archie Madekwe, David Harbour, Orlando Bloom",7.2,8,ABD
Süper Aile,"Helt super, Just Super","Animasyon, Aile",Rasmus A. Sivertsen,5/19/2023,"40,119","3,195,772","Åshild Ariane Ramborg, Stian Tveiten","Hennika Huuse, Todd Bishop Monrad Vistven, Johannes Kjærnes",5.4,8,Norveç
Kahraman Kuyruklar,"Pattie et la colère de Poséidon, Epic Tails","Macera, Komedi, Animasyon","David Alaux, Eric Tosti;, Jean-François Tosti",3/17/2023,"37,734","2,792,077",Jean-François Tosti,"Kaycie Chase, Christophe Lemoine, Emmanuel Curtil",5.8,11,Fransa
Venedik'te Cinayet,A Haunting In Venice,"Dram, Suç, Gizem",Kenneth Branagh,9/15/2023,"37,159","4,268,848","Kenneth Branagh, Ridley Scott, Simon Kinberg","Kenneth Branagh, Michelle Yeoh, Jamie Dornan",6.5,8,ABD
Bursa Bülbülü,,"Komedi, Müzik",Hakan Algül,10/6/2023,"36,861","3,098,635",BKM,"Ata Demirer, Cem Gelinoğlu, Özge Özacar",6.8,6,Türkiye
Üçlü Pürüz,,Komedi,Vedat Uyar,4/21/2023,"34,689","2,549,198","Aytaç Medya, Selkare Digital Post","Okan Cabalar, Emrah Kaman, Korhan Herduran",4.7,7,Türkiye
"Zübeyde, Analar ve Oğullar",,"Dram, Tarihi, Biyografi",Cenk Yaz,10/13/2023,"33,984","3,032,457",ICNN Yapım,"Aslıhan Güner, Alican Yücesoy, Emre Kınay",5.8,8,Türkiye
Hüddam 3: Lamia,,Korku,Utku Uçar,6/16/2023,"33,763","2,742,862","Hayal Sanat, Vagon Film","Hakan Erkuran, Ayhan Yılmaz, Cemal Naci Bakiler",5.3,14,Türkiye
Hayata Röveşata Çeken Adam,A Man Called Otto,Dram,Marc Forster,3/3/2023,"33,368","2,858,752","Tom Hanks, Rita Wilson, Fredrik Wikström","Tom Hanks, Rachel Keller, Manuel Garcia-Rulfo",7.5,14,ABD
Kara Cuma,Thanksgiving,"Korku, Gerilim, Gizem",Eli Roth,12/1/2023,"31,575","3,900,013","Eli Roth, Jeff Rendell, Roger Birnbaum","Milo Manheim, Gina Gershon, Patrick Dempsey",6.3,4,ABD
Zir-i Cin 2,,Korku,Burak Küçük,11/3/2023,"31,036","3,077,713",HM Productions,"Ekrem Kayhan, Feyza Ayan, Tahsin Macit",4.8,4,Türkiye
Kare Takımı: Gizemli Ada,,Animasyon,Orhan Bal,9/29/2023,"30,835","2,736,648",Düşlerevi Çizgi Film Atölyesi,"Elif Erdal, Çağıl Özdemir , Savaş Pat",3.2,13,Türkiye
Hypnotic: Zihin Avı,Hypnotic,"Gerilim, Aksiyon, Gizem",Robert Rodriguez,6/2/2023,"29,793","2,854,615","Robert Rodriguez, Racer Rodríguez, Mark Gill","Ben Affleck, Alice Braga, JD Pardo",5.5,4,ABD
80 Günde Devri Alem,"Le tour du monde en 80 jours, Around the World in 80 Days",Animasyon,Samuel Tourneux,6/9/2023,"29,108","2,257,093","Mike Todd, Kevin McClory, William Cameron Menzies","Jackie Chan, Steve Coogan, Cécile de France",4.7,5,"Belçika, Fransa"
Maske: Nezaketle Tebessüm,,Gizem,Berker Berki,6/9/2023,"27,439","1,222,998",Satre Film,"Kaan Turgut, Nilay Deniz, Mert Turak",7.7,4,Türkiye
Sağ Salim 3: Ölü ya da Diri,,Komedi,Ersoy Güler,12/22/2023,"32,847","3,711,358","PRT Films, Komedram","Toygan Avanoğlu, Hüseyin Avni Danyal, Pelin Orhuner",7.9,4,Türkiye
The Boogeyman,,"Korku, Gerilim, Gizem",Rob Savage,6/2/2023,"23,174","2,060,423","Dan Cohen (II), Dan Levine, Shawn Levy","Chris Messina, Sophie Thatcher, David Dastmalchian",5.9,4,ABD
Taylor Swift: The Eras Tour,,"Konser, Müzik",Sam Wrench,11/3/2023,"22,998","5,057,785","Taylor Swift, Sam Wrench",Taylor Swift,8.1,3,ABD
Ammar 4: Cin Kavmi,,Korku,Uğur Kaplan,9/22/2023,"22,433","2,133,496","BMS Film, Film Fabrikası","Muhammed Genç, Burcu Orhan, Sanaz Nazarı",2.7,3,Türkiye
Cin Sureti,,"Korku, Gerilim",Burak Küçük,2/24/2023,"21,215","1,405,686",Bircan Film,"Burak Küçük, Ogan Şenyolcu, Mustafa Kavalcı",4.8,2,Türkiye
Rubinin Ailesi,"Bait El Ruby, El Ruby House","Komedi, Dram",Peter Mimi,8/4/2023,"20,888","2,244,186","Tamer Morsi, Ahmed Badawy","Karim Abdel Aziz, Kareem Mahmoud Abdel Aziz, Nour",6.7,7,Mısır
Kırmızı Başlıklı Kız ve Bizim Kahramanlar,,Animasyon,Erhan Yiğit,2/17/2023,"20,690","1,340,027",Cinephone,"Emma Stone, Mark Ruffalo, Willem Dafoe",4.2,5,Türkiye
Ecinni 4: Ecel,,Korku,Mehmet Sağlam,3/31/2023,"20,386","1,411,185",Sağlam Film,"Merve Ateş, Fatih Paşalı, Yasemin Kurttekin",4.7,11,Türkiye
Asteroit Şehir,Asteroid City,"Komedi, Romantik",Wes Anderson,6/16/2023,"20,160","2,039,066","Roman Coppola, Henning Molfenter, Carl Woebcken","Tom Hanks, Scarlett Johansson, Tilda Swinton",6.5,9,ABD
Demon Slayer: Kimetsu No Yaiba - To the Swordsmith Village,,"Macera, Animasyon, Aksiyon",Haruo Sotozaki,3/24/2023,"18,757","1,561,240","Yūma Takahashi, Akifumi Fujio","Toshio Furukawa, Natsuki Hanae, Kana Hanazawa",7.5,3,Japonya
Kahraman Yarışçılar,Rally Road Racers,"Komedi, Animasyon, Aile",Ross Venokur,8/18/2023,"18,384","1,773,039","John H. Williams, Deepak Nayar, Nik Bower","Scott Chambers (IV), Ryan Oliva, Tallulah Evans",5.2,8,ABD
Hayaller Ülkesi: Gizemli Macera,The Wishmas Tree,Animasyon,Ricard Cussó,3/10/2023,"18,148","1,228,819","Kristen Souvlis, Nadine Bates","Miranda Tapsell, Miranda Tapsell, Ross Noble",4.8,7,Avustralya
Zuhur: Cinn-i Ayin,,Korku,Mert Uzunmehmet,10/13/2023,"17,511","1,599,196",Apollon Film,"Erol Sertel, Larissa Lara Türközer, Sinem Yalçın",2.5,5,Türkiye
Perili Köşk,Haunted Mansion,"Komedi, Aile, Dram",Justin Simien,8/11/2023,"17,264","1,597,547","Jonathan Eirich, Dan Lin","Jamie Lee Curtis, Owen Wilson, Rosario Dawson",6.0,3,ABD
Orman Çetesi: Dünya Turu,"Les As de la Jungle 2, The Jungle Bunch: World Tour",Animasyon,"Laurent Bru, Yannick Moulin, Benoît Somville",12/22/2023,"31,723","3,464,936",Jean-François Tosti,"Philippe Bozo, Laurent Morteau, Pascal Casanova",5.7,14,Fransa
Yumurtalar Firarda: Afrika Macerası,"Un rescate de huevitos, Little Eggs: An African Rescue","Macera, Komedi, Animasyon","Rodolfo Riva Palacio Alatriste, Gabriel Riva Palacio Alatriste",8/11/2023,"17,155","1,618,071","Gabriel Riva Palacio Alatriste, Rodolfo Riva Palacio Alatriste, Ignacio Martínez Casares","Sébastien Hebrant, Mayra Adela Rojas, Maia Baran",5.1,5,Meksika
Hayalimdeki Düğün,Shotgun Wedding,"Komedi, Aksiyon, Romantik",Jason Moore,12/30/2022,"17,084","1,327,834","David Hoberman, Todd Lieberman, Jennifer Lopez","Jennifer Lopez, Josh Duhamel, Lenny Kravitz",5.5,2,ABD
Karanlık Gece,,"Gerilim, Dram, Suç",Özcan Alper,4/28/2023,"16,876","1,375,584","Nar Film, BKM, Baykuş Yapım","Berkay Ateş, Sibel Kekilli, Cem Yiğit Üzümoğlu",6.9,15,Türkiye
Cinnas,,Korku,Elvin Abdulla,7/14/2023,"16,557","1,308,012",Elvin Abdulla,"Hikmet Rehimov, Pervin Abıyeva, Zemfira Abdulsamedova",6.2,7,Azerbeycan
Bak Şu Leyleğe 2: Zümrüt Taşının Peşinde,Richard the Stork and the Mystery of the Great Jewel,"Macera, Animasyon, Aile","Mette Tange, Benjamin Quabeck",10/13/2023,"16,875","1,683,010","Kristine Knudsen, Maria Ekerhovd, David Claikens","Jay Myers, Jonathan Failla, Jeffrey Hylton",5.1,7,"Almanya, Belçika, Norveç"
Efsunlu 3: Muska,,"Korku, Gerilim",Uğur Kaplan,8/25/2023,"16,541","1,530,515",Cinephone,"Eylül Ezgi Yılmaz, Serhat Üstündağ, Berke Mehmet Korkmaz",4.6,4,Türkiye
Mia ve Ben: Centopia'nın Kahramanı,Mia and Me: The Hero of Centopia,"Macera, Animasyon, Aile",Adam Gunn,6/9/2023,"15,728","1,285,219","Thorsten Wegener, Tracy Lenon","Margot Nuccetelli, François Goeske, Santiago Ziesmer",6.1,6,"Almanya, Avustralya, Belçika, Hindistan"
Kaptan Porsuk Kayıp Hazinenin Peşinde,"Knutsen & Ludvigsen 2 - Det store dyret, Two Buddies and a Badger: The Great Big Beast","Komedi, Animasyon","Rune Spaans, Gunhild Enger",3/3/2023,"15,611","1,093,612","Ingunn Sundelin, Eric Vogel, Olav Mellgren","Levent Kol, Yağmur Sergen, Hakan Coşar",5.8,8,Norveç
Suzume,Suzume no tojimari,"Macera, Animasyon, Aksiyon",Makoto Shinkai,5/26/2023,"15,555","1,456,798","Kōichirō Itō, Genki Kawamura, Wakana Okamura","Scott Chambers (IV), Ryan Oliva, Tallulah Evans",7.6,9,Japonya
Büyü de Gel,No Hard Feelings,Komedi,Gene Stupnitsky,6/23/2023,"14,885","1,557,045","Alex Saks, Naomi Odenkirk, Marc Provissiero","Jennifer Lawrence, Andrew Barth Feldman, Matthew Broderick",6.4,4,ABD
Aşkın Saati 19:03,,Komedi,Hasan Gümet,5/5/2023,"14,462","1,170,679",Sowa Yapım,"Berat Efe Parlar, Feride Hilal Akın, Ali Sürmeli",6.0,3,Türkiye
Vatikan'ın Şifresi: Bir Temel Macerası,,Komedi,Okan Ege Ergüven,11/10/2023,"14,281","1,470,868",Eser Yapım,"Reşat Hacıahmetoğlu, Edanur Hancı, Ömür Arpacı",3.4,5,Türkiye
Cenazemize Hoş Geldiniz,,Komedi,Neslihan Yeşilyurt,12/22/2023,"14,586","1,736,369","Medyapım, Ay Yapım","Gonca Vuslateri, Erkan Can, İsmail Ege Şaşmaz",5.5,3,Türkiye
Güven Bana,,"Komedi, Aksiyon",Selçuk Aydemir,10/13/2023,"13,703","1,375,211",Aytaç Medya,"Cihangir Ceyhan, Ufuk Bayraktar, Okan Cabalar",4.2,3,Türkiye
Öldüren Oyun,The Friendship Game,"Korku, Gerilim, Bilim-Kurgu",Scooter Corkle,3/31/2023,"13,688","1,016,048",Daniel Bekerman,"Peyton List, Brendan Meyer, Kelcey Mawema",3.2,4,Kanada
Elleville Elfrid,Ella Bella Bingo,Animasyon,"Atle Solberg Blakseth, Frank Mosvold",5/5/2023,"13,617","1,135,943","Frank Mosvold, Atle S. Blakseth","Johannes Joner, Gard B. Eidsvold,Hege Schøyen",4.8,6,Norveç
Sur'da Devran,,Komedi,Haşim Aydemir,10/13/2023,"13,614","1,187,583",La Film Prodüksiyon,"Mustafa Yalçın, Ahmet Baran Bozboğa, Savaş Damla",7.0,5,Türkiye
Ölümüne Aşk,,Komedi,Okan Ege Ergüven,9/1/2023,"13,534","1,158,324",Eser Yapım,"Murat Akkoyunlu, Fulya Zenginer, Ayten Uncuoğlu",2.4,3,Türkiye
İblis Karanlığın Sahibi 2,,Korku,Berk Aygül,6/9/2023,"13,383","1,086,009",Pratik Film,"Savaş Özkul, Öznur Kütük, Gizem Akgün",4.2,4,Türkiye
Bir Düşüşün Anatomisi,"Anatomie d'une chute, Anatomy of a Fall","Gerilim, Dram, Suç",Justine Triet,11/3/2023,"28,304","3,470,082","Marie-Ange Luciani, David Thion","Sandra Hüller, Samuel Theis, Swann Arlaud",7.7,21,Fransa
Dabbetü'l-Arz: Kıyamet,,Korku,Gökhan Arı,9/1/2023,"13,165","1,236,482",Matine Film,"Bertan Dirikolu, Taner Şahin, Mehmet Sabri Arafatoğlu",3.8,3,Türkiye
Yıldız Tozu,,"Aile, Dram",Ahmet Sönmez,9/22/2023,"13,285","924,018","Sinehane, 24 Kare Film","Süleyman Biçen, Berat Çağan, Toprak Can Adıgüzel",7.6,11,Türkiye
Küçük Allen ve Galaksi Yolcusu,"Lille Allan - den menneskelige antenne, The Little Alien","Macera, Animasyon, Aile",Amalie Næsby Fick,9/8/2023,"12,940","1,294,265","Trine Heidegaard, Thomas Heinesen","Emma Stone, Mark Ruffalo, Willem Dafoe",5.5,3,Danimarka
Araf 6: Ölüm,,Korku,"Tarık Karakulak, Biray Dalkıran",5/19/2023,"12,646","951,603","RN Yapım, DFGS","Gökhan Eryılmaz, Esenay Kılıç, Ekin İlkim",2.8,3,Türkiye
Semur 4: Mahşer,,Korku,Hakkı Kaplan,7/14/2023,"12,546","1,156,509",BMS Film,"Fırat Çöloğlu, Merve Özel, Alara Kuru",2.7,3,Türkiye
Prenses ve Dracula,"Koshchey. Pokhititel nevest, How to Save the Immortal",Animasyon,Roman Artemyev,7/21/2023,"12,319","1,086,493","Vadim Sotskov, Sergey Zernov, Sergey Selyanov","Scott Chambers (IV), Ryan Oliva, Tallulah Evans",5.2,3,"Macaristan, Rusya"
Her Şey Aşk İçin,,Komedi,Ahmet Kapucu,10/20/2023,"12,304","1,296,083","Sky Film Yapım, 2518 Film Yapım","Safa Sarı, Zafer Algöz, Gizem Sevim",4.3,2,Türkiye
Cin Büyüsü,,Korku,Batuhan Çelik,3/17/2023,"12,220","857,745",Karavan Film,"Gizem Ayten, Ahmet Eymen Akyüz, Bahar Cemre Sarıkaya",4.1,6,Türkiye
Örümcek Ağı,Cobweb,"Korku, Gerilim",Samuel Bodin,7/28/2023,"12,200","1,194,671","Seth Rogen, Roy Lee, Evan Goldberg","Lizzy Caplan, Antony Starr, Cleopatra Coleman",6.0,2,ABD
Conjuring: Şeytan Ayini,Conjuring: The Beyond,"Korku, Dram, Gizem",Calvin Morie McCarthy,5/26/2023,"12,155","1,054,014","Chad Buffett , Lea Buffett","Victoria Grace Borrello, Steve Larkin, Jon Meggison",2.3,3,ABD
Ehl-i Cin: İntikam,,Korku,Batuhan Çelik,8/11/2023,"12,068","1,052,092",EN Sinema,"Beyza Nur Önispir, Kerem Can Karaoğlu, Merve Erçel",4.6,6,Türkiye
Çılgın Dostum Finnik,Finnick,"Macera, Animasyon",Denis Chernov,7/14/2023,"12,614","1,138,143",Elena Chirkova,"Aleksandr Gudkov, Mikhail Khrustalyov",5.8,13,Rusya
Büyük Macera: Hazine Peşinde,,Aile,Ahmet Toklu,4/28/2023,"11,600","916,805",No:23 Prodüksiyon,"Emir Ali Doğrul, Muharrem Türkseven, Güzin Usta",5.5,4,Türkiye
Kediler Müzede,"Koty Ermitazha, Cats in the Museum","Macera, Animasyon, Aile",Vasiliy Rovenskiy,12/15/2023,"12,767","1,528,934","Vasiliy Rovenskiy, Roman Borisevich, Maxim Rogalsky","Anton Eldarov, Polina Gagarina, Aleksandr Gavrilin",4.7,8,Rusya
Karabasan,"Marerittet, Nightmare","Korku, Gerilim",Kjersti Helen Rasmussen,5/12/2023,"11,491","910,932","Einar Loftesnes, John Einar Hagen","Eili Harboe, Herman Tømmeraas, Dennis Storhøi",5.1,8,Norveç
After: Her Şey,After: Everything,"Dram, Romantik",Castille Landon,9/15/2023,"11,326","1,093,869","Hero Fiennes Tiffin, Brian Pitt, Courtney Solomon","Josephine Langford, Hero Fiennes Tiffin, Stephen Moyer",4.7,4,ABD
Kar ve Ayı,,Dram,Selcen Ergun,9/8/2023,"11,231","1,136,843",Nefes Films,"Merve Dizdar, Saygın Soysal, Erkan Bektaş",6.6,8,Türkiye
Renfield,,"Korku, Komedi",Chris McKay,4/14/2023,"11,154","990,197","Chris McKay, Robert Kirkman, Samantha Nisenboim","Nicholas Hoult, Nicolas Cage, Awkwafina",6.4,3,ABD
Uzay Köpekleri,Space Pups,"Macera, Bilim-Kurgu, Aile",Jason Murphy,8/25/2023,"11,063","1,033,137","Mark Boot, Kenny Beaumont, Eli Lipnik","Myron Donley, Riley Madison Fuller, Elijah Green",5.0,3,ABD
Drakula: Son Yolculuk,The Last Voyage of the Demeter,"Korku, Gerilim",André Øvredal,8/25/2023,"11,048","1,155,051","Brad Fischer, Mike Medavoy, Arnold Messer","Corey Hawkins, David Dastmalchian, Aisling Franciosi",6.1,3,ABD
Tatlı Bela,Beautiful Disaster,"Komedi, Dram, Romantik",Roger Kumble,5/5/2023,"11,021","1,005,934","Roger Kumble, Brian Pitt, Nicolas Chartier","Virginia Gardner, Autumn Reeser, Dylan Sprouse",5.3,6,ABD
Başka Bir Hayatta,Past Lives,"Dram, Romantik",Celine Song,12/8/2023,"11,236","1,567,845","David Hinojosa, Christine Vachon, Pamela Koffler","Greta Lee, Teo Yoo, John Magaro",7.9,8,"ABD, Güney Kore"
Kadınlara Mahsus,,"Dram, Romantik",Serdar Akar,12/22/2023,"10,411","1,339,546",Limit Yapım,"Melisa Aslı Pamuk, Ceyda Düvenci, Aslı Tandoğan",8.5,3,Türkiye
Kalp Estetiği,,"Komedi, Romantik",Haydar Işık,9/29/2023,"9,683","915,694",CMP Prodüksiyon,"Evliya Aykan, Ersin Korkut, Müge Boz",7.6,3,Türkiye
Bıcırıklar: Yeni Yuvamız,"Die Mucklas... und wie sie zu Pettersson und Findus kamen, The Muckles: The Quest for a New Home","Macera, Animasyon, Aile","Ali Samadi Ahadi, Markus Dietrich",8/11/2023,"9,433","815,929",SOLA MEDIA GMBH,"Uwe Ochsenknecht, ChrisTine Urspruch, André Jung",4.2,14,Almanya
Ölümcül Çarpışma,"Hidden Strike, Snafu","Gerilim, Aksiyon",Scott Waugh,7/7/2023,"9,018","838,833","Jackie Chan, Hans Canosa, Esmond Ren","Jackie Chan, John Cena, Pilou Asbæk",5.3,3,"ABD, Çin"
Lanetli Kan,Blood,"Korku, Gerilim",Brad Anderson,5/12/2023,"8,715","744,768","Michelle Monaghan, Skeet Ulrich, Finlay Wojtak-Hissong","Michelle Monaghan, Skeet Ulrich, Finlay Wojtak-Hissong",5.5,4,ABD
Yaşamak,Living,Dram,Oliver Hermanus,3/3/2023,"8,707","647,409","Elizabeth Karlsen , Stephen Woolley","Bill Nighy, Aimee Lou Wood, Alex Sharp",7.2,15,"Birleşik Krallık, İsveç, Japonya"
Neşeli Çiftlik: Tren Kalkıyor!,A Mystery on the Cattle Hill Express,Animasyon,Will Ashurst,5/12/2023,"8,673","658,857","Qvisten Animation, In The Air"," Scott Chambers (IV), Ryan Oliva, Tallulah Evans",5.2,7,Norveç
Hayalet Suikastçi,Assassin,"Gerilim, Suç, Aksiyon",Jesse Atlas,4/7/2023,"8,571","700,985","Alexander Eckert , Jeff Elliott , Najeeb Khuda","Bruce Willis, Dominic Purcell, Nomzamo Mbatha",3.2,3,ABD
Lilith Cinleri,,Korku,Özlem Yeşilyurt,7/28/2023,"8,486","764,732",Mert Yapım Medya,"Pınar Demiral, Berkant Aksoy, Furkan Avcı",3.1,2,Türkiye
Haris,,Korku,Kadir Genç,3/17/2023,"8,335","563,964",Apah Yapım,"Mesut Gedikoğlu, Hasret Yılmaz, Sinem Can Aksu",3.0,3,Türkiye
Ne Olacak Halim?,,"Komedi, Aile, Romantik",Semra Dündar,3/10/2023,"8,188","568,246",Karataş Film Yapım,"Emre Altuğ, Algı Eke, Lemi Filozof",4.9,4,Türkiye
Zina,,Korku,Anastasiya Budakva,11/24/2023,"7,823","868,557",Mert Yapım Medya,"Sema Bolat, Yağmur Tazegül, Tuğba Aydın",2.8,4,Türkiye
Pinkfong: Baby Shark,Pinkfong Sing-Along Movie 2: Wonderstar Concert,"Animasyon, Müzik",Sukyoung Kim,3/10/2023,"7,610","542,430",THE PİNKFONG COMPANY INC,"Lexi Fontaine, Larissa Gallagher, Kyle McCarley",4.6,9,Güney Kore
Pathaan,,"Gerilim, Dram, Aksiyon",Siddharth Anand,3/3/2023,"7,571","575,395","Aditya Chopra, Maxim Ajjawi","Shah Rukh Khan, Deepika Padukone, John Abraham",5.8,2,Hindistan
Lamborghini: Efsanenin Arkasındaki Adam,Lamborghini: The Man Behind the Legend,"Dram, Biyografi, Spor",Bobby Moresco,2/24/2023,"7,401","717,178","Andrea Iervolino, Monika Bacardi, Allen Dam","Frank Grillo, Mira Sorvino, Gabriel Byrne",5.4,2,"ABD, İtalya"
Oregon,,"Komedi, Dram",Kerem Ayan,4/28/2023,"7,323","599,894",NuLook Production,"Aslı İnandık, Serkan Çayoglu, Ferit Aktuğ",4.6,4,Türkiye
Kayıp,Missing,"Gerilim, Dram","Will Merrick, Nicholas D. Johnson",3/31/2023,"7,319","598,714","Aneesh Chaganty, Sev Ohanian, Timur Bekmambetov","Storm Reid, Nia Long, Daniel Henney",7.1,3,ABD
Zıpır Dedektif ve Altın Arı Kovanı,"Chink: Khostatiy detektiv, Detective Chirp and the Golden Beehive","Macera, Animasyon, Aile",Grigoriy Vozhakin,7/21/2023,"7,055","624,418","Yuliana Slashcheva, Sergey Demchev","Ivan Chaban, Evelina Blyodans, Miroslava Karpovich",5.4,6,Rusya
Ferrari,,"Dram, Tarihi, Biyografi",Michael Mann,12/22/2023,"7,838","1,319,410","Mohammed Al Turki, Vahan Yepremyan","Adam Driver, Penélope Cruz, Shailene Woodley",6.5,3,ABD
Kral Fil,The Elephant King,"Macera, Komedi, Animasyon",Hadi Mohammadian,12/15/2023,"6,862","757,710",MEEM PRODUCTION S.A.R.L.,"Hamed Azizi, Georges Khabbaz, Bahman Hashemi",4.7,4,"İran, Lübnan, Malezya"
Mühr-ü Musallat 2: Yasak Düğün,,Koku,Metin Kuru,7/21/2023,"6,736","580,549","Mutluluk Fabrikası, Mag Film","Merve Kurç, Nevzat Can Rüzgar, Ufuk Kaplan",4.2,3,Türkiye
Simülasyon,Simulant,"Gerilim, Bilim-Kurgu",April Mullen,4/7/2023,"6,640","630,354","Tim Doiron,  James van der Woerd","Robbie Amell, Jordana Brewster, Simu Liu",5.2,2,Kanada
"Masal Zamanı 2 ""Sihirli Kapı""",,"Macera, Aile",Kubilay Güleçoğlu,10/6/2023,"6,612","705,381",Two Yapım,"Lavinya Ünlüer, Ata Berk Mutlu, Özkan Sağın",3.3,3,Türkiye
Roza,,Dram,Mustafa Kotan,10/6/2023,"6,428","615,180",Akiz Yapım,"Belçim Bilgin, Burak Sevinç, Fikret Kuşkan",3.4,4,Türkiye
Benim Babam Bir Kahraman,,"Aile, Dram",Orçun Benli,6/16/2023,"6,364","531,616",Cocoon Medya,"Ufuk Bayraktar, Mahir İpek, Selim Erdoğan",7.2,2,Türkiye
Havas İlm-i Cin,,"Korku, Gerilim",Hasan Gökalp,8/18/2023,"6,205","595,658","İgamedya Yayıncılık, FK Productions","Fırat Kahraman, Elif Çapkın, Seda Keskol",5.4,2,Türkiye
Resif: Kanlı Takip,The Reef: Stalked,"Korku, Gerilim",Andrew Traucki,7/14/2023,"6,178","581,140","Jack Christian, Neal Kingston, Michael Robertson","Teressa Liane, Ann Truong, Kate Lister",4.1,4,"ABD, Avustralya"
Sessiz Kabus,Sound of Silence,Korku,"Alessandro Antonaci, Daniel Lascar, Stefano Mandalà",8/11/2023,"6,134","592,355","Alessandro Antonaci , Daniel Lasca","Lucia Caporaso, Chiara Casolari, Micol Damilano",4.0,3,İtalya
Hadi Hayırlısı: Istakoz'un Haritası,,Komedi,Şiar Zaim,4/14/2023,"6,114","352,841",Willer Film,"Cengiz Küçükayvaz, Hakan Bilgin, Bülent Çolak",7.0,4,Türkiye
Eyvah Babam,About My Father,Komedi,Laura Terruso,6/2/2023,"6,090","616,625","Andrew Miano , Paul Weitz , Chris Weitz ","Robert De Niro, Kim Cattrall, Leslie Bibb",5.7,3,ABD
Kocamı Kim Öldürür?,,Komedi,Bilal Kalyoncu,9/22/2023,"5,753","536,156",2506,"Aleyna Solaker, Burak Satıbol, Hayrettin",3.1,2,Türkiye
Cin Hikayeleri Kayıp Bebek,,Korku,Kemal Danacı,5/26/2023,"5,683","432,449",Mil Yapım,"Erol Sertel, Zeynep Er, Efekan Güner",4.7,4,Türkiye
Bataklık,Quicksand,Gerilim,Andres Beltran,8/18/2023,"5,648","526,548","Sean Patrick Burke, Jason Cherubini, Nicolas Reyes","Carolina Gaitan, Allan Hawco, Sebastian Eslava",4.3,4,Kolombiya
Tebessüm,,"Komedi, Dram","Sezgin Cengiz, Şiyar Gedik",6/23/2023,"5,621","453,553","Su Yapım, Avcı Film Yapım","Onur Buldu, Adem Tosun, Seda Türkmen",5.4,14,Türkiye
Tek Yürek İmalat-ı Harbiye,,"Tarihi, Spor",Serdar Çetinkaya,3/10/2023,"5,556","395,746","Clean B. Film, Serçe Yapım, AKS Medya","urgay Tanülkü, İnanç Konukçu, Sitare Akbaş",7.9,4,Türkiye
Orman Çocuğu: Güç Uyanıyor,The Awakening of the Mini World,Animasyon,Xuhui Xing,8/4/2023,"5,330","484,548","Mini Creation Technology, Shenzhen Xingtiao Cultural and Creative",Tom CoetzeeJonah DollerySophie Kirsch,5.6,2,Çin
Şeytanın Elçileri,,Korku,Özlem Yeşilyurt,9/8/2023,"5,245","485,630",Mert Yapım Medya,"Atilla Karahan, Cemre Yalçın, Yağmur Yenice",2.6,2,Türkiye
Afacanlar İş Başında,Two Little Toddlers: An Unforgettable Day,Animasyon,Wip Vernooij,6/23/2023,"5,244","453,551","Bruno Felix, Denis Wigman, Marijn Wigman","Manou Jue Cardoso, Ronnie Flex, Chantal Janzen",6.7,3,Hollanda
Çaykovski'nin Karısı,Tchaikovsky's Wife,"Dram, Biyografi",Kirill Serebrennikov,3/31/2023,"5,057","367,764","Andreas Roald , Olivier Père","Alyona Mikhailova, Odin Lund Biron, Miron Fedorov",6.5,8,"Fransa, İsviçre, Rusya"
Fındıkkıran ve Sihirli Flüt,The Nutcracker and the Magic Flute,"Animasyon, Aile, Fantastik",Viktor Glukhushin,3/3/2023,"5,025","336,839","Sergey Selyanov, Georgi Gitis","Lyubov Aksyonova ,Prokhor Chekhovskoy, Aleksey Chumakov",5.2,4,Rusya
Büyülü Kahramanlar: Büyük Macera,"Koshchey: Nachalo, The Everlasting Story","Macera, Animasyon",Andrey Kolpin,8/18/2023,"4,944","443,589","Robert Gndolyan,  Tatyana Tsyvareva,  Yevgeny Golovin","Nikita Volkov,  Irina Starshenbaum, Timur Rodriguez",5.6,4,Rusya
Jeanne du Barry,Jeanne du Barry,"Dram, Tarihi, Biyografi",Maiwenn,12/8/2023,"5,288","697,702","Maïwenn,  Pascal Caucheteux, Gregoire Sorlat","Maïwenn,  Johnny Depp, Benjamin Lavernhe",6.7,6,Fransa
Uçuş 811,,"Gerilim, Dram",Hakan Kerim Karademir,3/10/2023,"4,697","354,032","35 mm, HKF Productions, Ilgaz Film","Burcu Kara, Emre Karayel, Yosi Mizrahi",4.5,2,Türkiye
Geri Sayım,,Aksiyon,Aykut Taşkın,6/30/2023,"4,592","395,535","Diopter Film, Metropol Yapım","Veysel Demir, Metin Pıhlıs, Hilmi Deler",8.1,2,Türkiye
Jester: İntikam Gecesi,The Jester,Korku,Colin Krawchuk,10/6/2023,"4,475","486,334"," Brian Clarke ,","Ken Arnold, Matt Servitto, Lelia Symington",4.1,1,ABD
Çıldırmış Ayı,Cocaine Bear,Gerilim,Elizabeth Banks,3/31/2023,"4,432","391,063","Phil Lord,  Christopher Miller, Elizabeth Banks","Keri Russell, Ray Liotta, Ayoola Smart",5.9,3,ABD
Sırrı Cin,,Korku,Uğur Karakuzu,5/12/2023,"4,362","340,316",Diopter Film,"Zöhre Alsan, Leyla Parlak, Serkan Güney",4.0,2,Türkiye
Serçenin Gözyaşı,,Dram,Aysun Akyüz Mehdiabbas,3/8/2024,"8,903","767,220",Reborn Yapım,"Ezgi Şenler, Uğur Güneş, Yeşim Salkım",5.6,4,Türkiye
Gerçek Cinler 2,,Korku,Onur Aldoğan,3/24/2023,"4,283","314,622",Onn Medya,"Gizem Noyan, Lara Fandaklı, Onur Aldoğan",3.0,4,Türkiye
Sessiz Gece,Silent Night,Aksiyon,John Woo,12/8/2023,"4,206","500,191","Celine Rattray, Trudie Styler, Matthew Vaughn","Joel Kinnaman, Catalina Sandino Moreno, Kid Cudi",5.3,3,ABD
Sessiz Kız,The Quiet Girl,Dram,Colm Bairéad,3/10/2023,"4,157","269,364",Colm Bairéad,"Carrie Crowley, Andrew Bennett, Catherine Clinch",7.7,9,İrlanda
Şeytan Uykuda,Don't Come Back Alive,"Korku, Gerilim, Gizem",Néstor Sánchez Sotelo,6/30/2023,"4,140","389,101",Néstor Sánchez Sotelo,"María Abadi, Jorge Booth, Marco de la O",3.8,2,Arjantin
Nefes Alma,Old Man,Gerilim,Lucky McKee,8/4/2023,"3,929","428,025","Marc Senter, Ashleigh Snead, Cameron Burns, ","Stephen Lang, Marc Senter, Patch Darragh",4.9,2,ABD
Bonibomlar: Kediler Peşimizde,Barkers: Mind the Cats!,Animasyon,Elena Galdobina,7/7/2023,"3,506","319,563",ALEKSANDR BOYARSKİY,"Samantha Cooper, Courtney Shaw",5.3,2,Rusya
Çılgın Yarışçılar,Crazy Racing,Animasyon,Zhu Guo-Yang,5/19/2023,"3,894","318,242", Fantawild Animation,"Jialin Ye, Jishang Luo, Priscilla Li, ",4.2,5,Çin
"Belki Evet, Belki Hayır",Maybe I Do,Komedi,Michael Jacobs,3/31/2023,"3,831","375,016","Vincent Newman, Michael Jacobs, Scott Mednick","Emma Roberts, Susan Sarandon, Richard Gere",5.0,10,ABD
Melanet,,Korku,Kemal Danacı,9/29/2023,"3,810","364,863",Mil Yapım,"Erol Sertel, Zeynep Er, Emrah Yardımcı",5.8,2,Türkiye
İfrit-i Musallat,,Korku,Raziye Sultan,8/18/2023,"3,779","359,969","Gris Production, ANL Yapım","Emre Çelik, Alara Kuru, Taylan Tekci",2.7,2,Türkiye
Büyük Felaket: Asit Yağmuru,Acide,"Gerilim, Bilim-Kurgu, Fantastik, Dram",Just Philippot,9/22/2023,"3,766","393,881","Jérôme Seydoux , Yves Darondeau.","Guillaume Canet, Laetitia Dosch, Patience Munchenbach",5.2,1,Fransa
Oda,,"Korku, Gerilim",Bülent Orçin,8/11/2023,"3,752","347,789",Orçin Yapım,"Ceren Gülşah Elmalı, Mustafa Zeren, Nesrin Tunç",7.3,3,Türkiye
Korkuyorum,Beau is Afraid,"Komedi, Dram, Gizem",Ari Aster,6/9/2023,"3,481","342,237",Lars Knudsen,"Joaquin Phoenix, Parker Posey, Amy Ryan",6.7,7,"ABD, Finlandiya, Kanada"
Koku,,Dram,"Barış Gördağ, Yasin Çetin",5/12/2023,"3,640","247,881",Zeytin Film,"Nergis Öztürk, Yunus Emre Yıldırımer, Mehlika Buğlem Kılıç",6.0,17,Türkiye
Bonibomlar: Kediler Peşimizde,Barkers: Mind the Cats!,Animasyon,Elena Galdobina,7/7/2023,"3,506","319,563","Aleksandr Boyarskiy, Sergey Selyanov",Courtney Shaw,5.3,2,Rusya
Korkuyorum,Beau is Afraid,"Komedi, Dram, Gizem",Ari Aster,6/9/2023,"3,481","342,237","Ari Aster, Lars Knudsen","Joaquin Phoenix, Parker Posey, Amy Ryan",6.7,7,"ABD, Finlandiya, Kanada"
Cin Gelini,,Korku,Kadir Ergin,11/17/2023,"3,483","331,227",Makinist Film,"Hazal Pekgöz, İlayda Esmer, Kuntberk Alptemoçin",6.9,7,Türkiye
Silüet: Bir Yılbaşı Kabusu,,Korku,Buğra Kekik,9/15/2023,"3,173","293,071",Meda Film Yapım,"Yağmur Demircioğlu, Gülşah Büktür, Tuncay Gençkalan",4.8,2,Türkiye
Dali Diyarı,Daliland,"Dram, Biyografi",Mary Harron,6/2/2023,"3,091","312,721",Charlotte Colbert,"Ben Kingsley, Barbara Sukowa, Ezra Miller",5.9,11,"ABD, Birleşik Krallık, Fransa"
Şüphe,The Kindred,Gerilim,Jamie Patterson,5/5/2023,"3,007","237,450","Tracy Jarvis, Stephen Jarvis","Samantha Bond, Patrick Bergin, James Cosmo",4.7,2,Birleşik Krallık
Kızıl Gökyüzü,"Roter Himmel, Afire","Komedi, Dram, Romantik",Christian Petzold,11/24/2023,"2,965","343,225","Anton Kaiser, Florian Koerner von Gustorf, Michael Weber","Thomas Schubert, Paula Beer, Enno Trebs",7.2,4,Almanya
Katili Yakalamak,"Misanthrope, To Catch a Killer","Dram, Suç, Aksiyon, Gizem",Damián Szifrón,8/25/2023,"2,890","322,092","Shailene Woodley, Damián Szifron, Aaron Ryder","Shailene Woodley, Ben Mendelsohn, Ralph Ineson",6.6,3,ABD
Ela ile Hilmi ve Ali,,Dram,Ziya Demirel,4/14/2023,"2,886","196,578",İstos Film,"Ece Yüksel, Serkan Keskin, Denizhan Akbaba",5.6,6,Türkiye
Ölümcül Dalış,The Dive,Gerilim,Maximilian Erlenwein,9/22/2023,"2,852","305,710","Maximilian Leo, Jonas Katzenstein","Louisa Krause, Sophie Lowe",5.5,1,Almanya
Suikastçılar,The Collective,Aksiyon,Tom DeNucci,8/18/2023,"2,851","303,467","Jordan Beckerman, Jordan Yale Levine, Richard Switzer","Ruby Rose, Don Johnson, Lucas Till",3.2,1,ABD
Suç Bende,"Mon Crime, My Crime","Komedi, Dram, Suç",François Ozon,5/5/2023,"2,794","196,672","Eric Altmeyer, Nicolas Altmeyer","Nadia Tereszkiewicz, Rebecca Marder, Isabelle Huppert",6.5,10,Fransa
Tanrının Yarattıkları,God's Creatures,Dram,"Anna Rose Holmer, Saela Davis",4/21/2023,"2,787","183,819",Fodhla Cronin O'Reilly,"Emily Watson, Paul Mescal, Aisling Franciosi",6.0,6,"ABD, Birleşik Krallık, İrlanda"
Dikkat Köpek Var,,"Komedi, Aile","Ece İşbilen Dağ, Deniz Cem Dağ",12/30/2022,"2,769","155,443",Nussi Production,"Nusret Toplar, Mutlu Güney, Güney Kılınç",7.6,1,Türkiye
Louis Tomlinson: All of Those Voices,,"Belgesel, Müzik",Charlie Lightening,3/22/2023,"2,718","222,778",Charlie Lightening,"Louis Tomlinson, Isaac Anderson, Steve Aoki",8.7,1,Birleşik Krallık
İşaretliler: Kurban,,Korku,Bülent Terzioğlu,5/26/2023,"2,712","180,094",EMN Yapım,"Yıldız Ustabaş, İpek Tenolcay, Muhammed Cangören",7.2,3,Türkiye
Kuralsızlar,"Beomjoidosi 2, The Roundup","Gerilim, Suç, Aksiyon",Sang-yong Lee,4/28/2023,"2,621","247,594","Ma Dong-seok , Hong-baek Kim , Tri Thao Nguyen","Ma Dong-seok, Sukku Son, Gwi Hwa Choi",7.0,2,Güney Kore
Metruk,,"Gerilim, Bilim-Kurgu",Mehmet Ali Zaim,9/15/2023,"2,581","244,953",Asuman Zaim,"Serap Çetintürk, Şiar Zaim, Ali İhsan Bozdemir",5.5,3,Türkiye
Godless: Şeytan Tohumu,Godless: The Eastfield Exorcism,"Korku, Suç",Nick Kozakis,9/29/2023,"2,580","273,484","Tony Coombs , Lauren Simpson","Georgia Eyers, Dan Ewing, Tim Pocock",5.5,2,Avustralya
Mahkum 77,Modelo 77,"Gerilim, Dram",Alberto Rodriguez,3/17/2023,"2,555","198,195",FILM FACTORY ENTERTAINMENT,"Miguel Herrán, Javier Gutiérrez, Jesús Carroza",6.9,2,İspanya
Tanrının Unuttuğu Yer,"Vanskabte land, Godland",Dram,Hlynur Pálmason,7/14/2023,"2,383","209,533","Mikkel Jersin, Katrin Pors, Anton Máni Svansson","Elliott Crosset Hove, Ingvar Sigurdsson, Vic Carmen Sonne",7.2,6,"Danimarka, Fransa, İsveç, İzlanda"
Obsesyon,,Gerilim,Eray Altay,6/16/2023,"2,331","211,803",Ne Film Medya,"Ekin Mert Daymaz, Ege Kökenli, Sarp Can Köroğlu",4.6,2,Türkiye
Ren Altını,Rheingold,"Dram, Suç, Biyografi",Fatih Akın,7/7/2023,"2,277","230,428","Fatih Akın, Nurhan Sekerci-Porst, Herman Weigel","Emilio Sakraya, Mona Pirzad, Karim Güneş",6.8,7,"Almanya, Hollanda, İtalya"
Otoban Katilleri,,"Gerilim, Suç, Aksiyon",Tolga Kadıoğlu,8/25/2023,"2,236","211,669","Safkan Sinema, Ceylan Yapım","Korkut Çözer, Muhammet Mustafa Karademir, Barış Hacıhan",5.1,2,Türkiye
Aşkın Bununla Ne İlgisi Var?,What's Love Got to Do with It?,"Komedi, Romantik",Shekhar Kapur,5/19/2023,"2,184","234,067","Kate Lanier, Doug Chapin, Barry Krost","Mim Shaikh, Lily James, Emma Thompson",6.3,5,Birleşik Krallık
Kent Mezarlığında Sızıntı,,Korku,Umut Burçin Gülseçgin,10/6/2023,"2,147","197,335",Union Yapım,"Enfal Uzel, Samet Gürsel, Cengiz Çevik",3.0,2,Türkiye
Tehlikeli Sular,Dangerous Waters,Gerilim,John Barr,10/13/2023,"2,077","181,669","Marc Goldberg, Suza Horvat","Eric Dane, Odeya Rush, Ray Liotta",5.2,4,ABD
Aniden,,Dram,Melisa Önel,12/22/2023,"3,206","345,047",Alara Hamamcıoğlu,"Defne Kayalar, Öner Erkan, Şerif Erol",6.9,7,Türkiye
İntikam Oyunları,,"Dram, Aksiyon",Servet Aksoy,4/21/2023,"2,042","144,411",Zeki Sincar Production,"Barış Küçükgüler, Cansu Kanlıkaya, Mehmet Çepiç",5.5,3,Türkiye
Oyun Bitti,,Aksiyon,Gökhan Arı,10/27/2023,"2,010","202,741",Yakamoz Prodüksiyon,"İlker Aksum, Can Nergis, Melih Selçuk",4.0,2,Türkiye
Sekiz Dağ,"Le otto montagne, Eight Mountains",Dram,"Felix van Groeningen, Charlotte Vandermeersch",3/24/2023,"2,000","125,835","Mario Gianani , Lorenzo Gangarossa","Luca Marinelli, Alessandro Borghi, Lupo Barbiero",7.7,9,"Belçika, Fransa, İtalya"
Joyland,,Dram,Saim Sadiq,6/16/2023,"1,979","155,578","Apoorva Guru Charan, Sarmad Khoosat","Ali Junejo, Rasti Farooq, Alina Khan",7.6,9,"ABD, Pakistan"
Şeytana Sempati,Sympathy for the Devil,"Gerilim, Aksiyon",Yuval Adler,9/8/2023,"1,974","189,366","Nicolas Cage, Allan Ungar, Stuart Manashil","Nicolas Cage, Joel Kinnaman, Alexis Zollicoffer",5.5,2,ABD
Belle ve Sebastian: Cesur Dostum,Belle et Sébastien: Nouvelle génération,"Macera, Dram, Aksiyon",Pierre Coré,5/12/2023,"1,966","143,427","Clément Miserez, Matthieu Warter, Sidonie Dumas","Robinson Mensah Rouanet, Michèle Laroque",5.8,4,Fransa
Alya,,"Bilim-Kurgu, Aksiyon",Jandae Perçem,11/17/2023,"1,857","202,102",Oceans Filmworks,"Jandae Perçem, Edis Görgülü, Hande Ataizi",7.1,2,Türkiye
Saint Omer,,Dram,Alice Diop,6/9/2023,"1,828","139,400","Toufik Ayadi, Christophe Barral","Kayije Kagame, Guslagie Malanda, Xavier Maly",6.8,9,Fransa
Ulan Salih,,Komedi,Bülent Terzioğlu,3/10/2023,"1,827","122,873",Says Medya,"İnan Ulaş Torun, Eslem Akar, Levent Sülün",3.0,2,Türkiye
Maymun Kral Geri Döndü,"Xi You Ji Zhi Zai Shi Yao Wang, Monkey King Reborn","Animasyon, Fantastik, Aksiyon",Yunfei Wang,9/15/2023,"1,795","164,513",Yunfei Wang,"Yenni Ann, Xuecen Bai, Zhongyang Baomu",6.0,2,Çin
Tavuri,,Belgesel,Derviş Zaim,9/15/2023,"1,779","161,801",Marathon Film,Mustafa Serttaş,7.6,6,Türkiye
Adalet,,"Dram, Aksiyon",Özgür Bakar,6/23/2023,"1,776","169,738",2506,"Çağan Atakan Arslan, Ufuk Özkan, Eslem Akar",3.2,2,Türkiye
Şeker Kız ve Arkadaşları Macera Adasında,Tarsilinha,"Macera, Komedi, Animasyon","Kiko Mistrorigo, Celia Catunda",12/30/2022,"1,898","103,937",Ricardo Rozzino,"Özge Çeçen, Ahmet Tekeş, Burçin Artut",6.1,3,Brezilya
İkinci Görüşte Aşk,"Mon Inconnue, Love at Second Sight","Komedi, Dram, Romantik",Hugo Gélin,7/7/2023,"1,884","201,965","Hugo Gélin, Laetitia Galitzine, Valérie Garcia","François Civil, Joséphine Japy, Benjamin Lavernhe",6.9,2,"Belçika, Fransa"
Orman,,Korku,Mohsen Rabiei,12/30/2022,"1,869","101,575",Sos Medya,"Beyza Nur Önispir, Selda Yeliz Nar, Gizem Çelebi",7.0,3,Türkiye
Gizemli Mesaj,,"Korku, Gerilim",Tayfun Can Demirtaş,6/30/2023,"1,858","98,065","Hayalet Film, Skypic Films","Erkan Özmen, Ayşegül Kaygusuz, Yaprak Tüter",4.2,1,Türkiye
Sword Art Online the Movie: Progressive - Scherzo of Deep Night,Gekijouban Sword Art Online the Movie: Progressive - Kuraki Yuuyami no Scherzo,"Macera, Animasyon, Aksiyon",Ayako Kouno,5/12/2023,"1,738","155,931","Kaoru Adachi, Yousuke Futami, Keisuke Hirai","Haruka Tomatsu, Yoshitsugu Matsuoka, Shiori Izawa",6.6,2,Japonya
Kötülük Diye Bir Şey Yok,"Aku wa sonzai shinai, Evil Does Not Exist","Dram, Müzik",Ryûsuke Hamaguchi,12/1/2023,"1,915","190,522","Satoshi Takata, Сатоси Такада","Hitoshi Omika, Ryô Nishikawa, Ryûji Kosaka",7.2,5,Japonya
Yüz Yüze,"Wesh X Wesh, Face to Face",Komedi,Waleed El Halfawy,11/3/2023,"1,706","199,015","Ahmad Fahmy, Hani Naguib","Mohamed Mamdouh, Amina Khalil, Mohamed Shahin",7.7,2,Mısır
Güvenli Bir Yer,"Sigurno Mjesto, Safe Place",Dram,Juraj Lerotic,9/15/2023,"1,704","137,926",MİLJENKA ČOGELJA,"Juraj Lerotic, Snjezana Sinovcic, Goran Markovic",7.3,7,Hırvatistan
Vesnan,,"Korku, Gerilim",Bülent Orçin,9/15/2023,"1,698","153,994",Orçin Yapım,"Mehmet Bilen, Beste Tosuner, Orkun Özcan",2.5,1,Türkiye
Savaş Atı,War Pony,Dram,"Gina Gammell, Riley Keough",5/26/2023,"1,680","117,542","Gina Gammell, Riley Keough, Willi White","Iona Red Bear, Wilma Colhof, Ashley Shelton",6.8,6,"ABD, Birleşik Krallık"
Venüs'te Görüşürüz,See You on Venus,"Dram, Romantik",Joaquín Llamas,8/4/2023,"1,680","171,930",Brian Pitt,"Virginia Gardner, Rob Estes, Alex Aiono",6.0,2,ABD
Mir Anka,,Korku,Ekrem Düzgünoğlu,8/4/2023,"1,676","164,276",BPM Müzik Film,"Simge Can, Ethem Çap, Emre Çelik",3.7,1,Türkiye
Her Şeye Rağmen,,Dram,Erdal Murat Aktaş,9/29/2023,"1,671","165,387",Verway,"Erkan Petekkaya, Sinan Akdeniz, Nihan Büyükağaç",6.6,1,Türkiye
Sisu,,"Suç, Aksiyon",Jalmari Helander,6/30/2023,"1,634","156,762",Petri Jokiranta,"Jorma Tommila, Aksel Hennie, Jack Doolan",6.9,2,"Birleşik Krallık, Finlandiya"
Kaçakçılar,Smugglers,"Suç, Aksiyon",Seung-wan Ryu,9/8/2023,"1,621","176,459",Kang Hyejeong,"Kim Hye-su, Yum Jung-ah, Zo In-sung",6.2,1,Güney Kore
Emeklilik Planı,The Retirement Plan,"Komedi, Suç, Aksiyon",Tim Brown,9/29/2023,"1,598","176,125","Doug Murray, Nicholas Tabarrok, William G. Santor","Nicolas Cage, Ashley Greene, Ron Perlman",5.1,2,Kanada
Bulutların Üstünde,,"Komedi, Dram",Deniz Çınar,9/8/2023,"1,595","151,456",Çınar Film,"Cemal Hünal, Ruhi Sarı, Kerim Aydemir",5.6,2,Türkiye
Gezegenler Savaşı,The Wandering Earth 2,"Macera, Dram, Aksiyon","Frant Gwo, Erlendur Sveinsson",8/25/2023,"1,558","177,089","Liu Cixin, Gong Geer, Anthony Argento, Liu Kailuo","Andy Lau, Jing Wu, Hao Feng",6.8,1,Çin
Batıl 2,,Korku,Bedel Art,2/24/2023,"1,549","91,329",Bulut Film,"Buket Sivrikaya, Şeyma Yücel, Adem Gerçek",5.0,4,Türkiye
Masum,The Innocent,"Komedi, Suç, Romantik",Louis Garrel,5/12/2023,"1,446","98,924",Anne-Dominique Toussaint,"Louis Garrel, Roschdy Zem, Anouk Grinberg",6.7,6,Fransa
Resident Evil: Death Island,,"Animasyon, Aksiyon",Eiichirô Hasumi,7/21/2023,"1,385","132,374","Makoto Fukami, Hiroyasu Shinohara","Matthew Mercer, Nicole Tompkins, Kevin Dorman",5.7,2,Japonya
Mitat,,"Komedi, Dram",Süleyman Arda Eminçe,4/7/2023,"1,310","92,778",Alim Yapım,"Kadir Doğulu, Sinan Albayrak, Dilek Serbest",4.9,3,Türkiye
Carmen,,"Dram, Müzikal",Benjamin Millepied,8/18/2023,"1,310","144,005","Rosemary Blight, Dimitri Rassam, Mimi Valdes","Melissa Barrera, Paul Mescal, Elsa Pataky",5.8,5,"Avustralya, Fransa"
Tori ve Lokita,Tori and Lokita,Dram,"Jean-Pierre Dardenne, Luc Dardenne",6/2/2023,"1,278","81,509","Luc Dardenne, Jean-Pierre Dardenne, Delphine Tomson","Pablo Schils, Joely Mbundu, Alban Ukaj",7.1,6,"Belçika, Fransa"
Sonsuz Sır,The Eternal Daughter,"Dram, Gizem",Joanna Hogg,9/8/2023,"1,278","139,375","Joanna Hogg, Emma Norton, Ed Guiney","Tilda Swinton, Carly Sophia Davies, August Joshi",5.9,3,"ABD, Birleşik Krallık"
Asi,Rebel,"Gerilim, Dram, Aksiyon","Bilall Fallah, Adil El Arbi",3/17/2023,"1,269","69,215","Bert Hamelinck, Dimitri Verbeeck","Aboubakr Bensaihi, Lubna Azabal, Tara Abboud",7.4,4,"Belçika, Fransa, Lüksemburg"
Hırçın,Scrapper,"Komedi, Dram",Charlotte Regan,9/1/2023,"1,206","1,206",Theo Barrowclough,"Lola Campbell, Alin Uzun, Cary Crankson",7.0,5,Birleşik Krallık
Çözümler Kitabı,The Book of Solutions,"Komedi, Dram",Michel Gondry,10/20/2023,"1,187","114,340",Georges Bermann,"Pierre Niney, Blanche Gardin, Frankie Wallach",6.2,4,Fransa
Başkalarının Çocukları,Other People’s Children,"Komedi, Dram, Romantik",Rebecca Zlotowski,8/4/2023,"1,163","108,650","Frederic Jouve, Marie Lecoq","Virginie Efira, Roschdy Zem, Chiara Mastroianni",6.8,6,Fransa
Astroscope: Bir Konser Filmi,Stargazer: Astroscope,"Belgesel, Konser, Müzik",Doha,4/14/2023,"1,112","99,218",Fantagio,"Eun-Woo Cha, Kim Myung-joon, Moon Bin",8.8,1,Güney Kore
Tom Medina,,Dram,Tony Gatlif,3/3/2023,"1,022","57,685",Princes Films,"David Murgia, Slimane Dazi, Karoline Rose Sun",6.2,8,"Fransa, İsviçre"
Gasp,,"Korku, Gerilim",Mohsen Rabiei,4/7/2023,"1,017","66,446",Inception Estate,"Nergis Odzak, Sercan Boztepe, Beyzanur Önispir",2.8,2,Türkiye
The First Slam Dunk,,"Komedi, Animasyon, Dram",Takehiko Inoue,7/28/2023,996,"113,650",Toshiyuki Matsui,"Shugo Nakamura, Jun Kasama, Shinichiro Kamio",8.2,1,Japonya
Hedefteki Adam,The Point Men,"Gerilim, Dram, Aksiyon",Soon-rye Yim,6/30/2023,917,"97,407","Shin Bum-soo , Nam Jeong-il","Hyun Bin, Hwang Jung-min, Kang Ki-young",6.0,1,Güney Kore
Paris Hatıraları,Paris Memories,Dram,Alice Winocour,7/21/2023,877,"94,756","Émilie Tisné, Isabelle Madelaine","Virginie Efira, Benoît Magimel, Grégoire Colin",6.9,5,Fransa
Sürü,La jauría,Dram,Andrés Ramírez Pulido,7/28/2023,831,"73,831","Andrés Ramírez Pulido, Lou Chicoteau, Jean-Étienne Brat","Jhojan Estiven Jimenez, Maicol Andrés Jimenez, Miguel Viera",6.7,3,"Fransa, Kolombiya"
Disco Boy,,Dram,Giacomo Abbruzzese,7/7/2023,808,"64,229","Lionel Massol, Pauline Seigland","Franz Rogowski, Morr Ndiaye, Laetitia Ky",6.5,5,"Belçika, Fransa, İtalya"
Dejar: Cin Vahşeti,,Korku,Raziye Sultan,12/22/2023,963,"80,788",Gris Production,"Emel Yetenek, Abdulkadir Biçer, Ayşe Nur Keskin",3.0,4,Türkiye
1976,,Dram,Manuela Martelli,9/22/2023,803,"65,010","Andrés Wood, Dominga Sotomayor Castillo","Aline Küppenheim, Nicolás Sepúlveda, Hugo Medina",6.7,6,"Arjantin, Şili"
Para Konuşur,,"Dram, Aksiyon",Bülent Terzioğlu,9/1/2023,725,"67,510",Starworks Yapım,"Selçuk Kılıç, Aslıhan Karalar, Kubilay Penbeklioğlu",2.8,1,Türkiye
Bir Boru Hattı Nasıl Patlatılır,How to Blow Up a Pipeline,"Gerilim, Dram, Suç",Daniel Goldhaber,6/30/2023,722,"56,738","Daniel Goldhaber , Alex Black , Ariela Barer","Ariela Barer, Kristine Froseth, Lukas Gage",6.9,6,ABD
Lanetli Miras: Yanlış Adres,,"Korku, Gerilim, Gizem",Omma Okan Kılıç,9/15/2023,722,"63,599",Omma Yapım,"Caner Çiftçi, Turgay Yıldız, Ebrar Gür",3.1,2,Türkiye
Seni Görüyorum,,Dram,Ender Mıhlar,11/10/2023,715,"83,241",Cansu Ayhan Yapım,"Feyyaz Duman, Melis Birkan, Hakan Salınmış",6.8,1,Türkiye
Huzurum Kalmadı: Bir Huzurevi Komedisi,,Komedi,Soner Demirci,9/22/2023,660,"58,473",Mi Yapım,"Taner Şahin, Umut Özalp, Emrullah Baran Öztürk",8.6,1,Türkiye
Bas Gaza Bas,Manta Manta: Legacy,"Komedi, Aksiyon",Til Schweiger,10/27/2023,644,"63,607","Philipp Reuter, Viola Jäger, Christoph Müller","Til Schweiger, Luna Schweiger, Tim Oliver Schultz",3.3,1,Almanya
Bırak Artık Şu Yalanlarını,Arrête avec tes mensonges,Dram,Olivier Peyon,8/18/2023,634,"63,050","Anthony Doncque, Gilles Sacuto, Miléna Poylo","Guillaume de Tonquedec, Victor Belmondo, Guilaine Londez",7.6,3,Fransa
Terracotta Krallığı,Realm of Terracotta,"Animasyon, Aksiyon","Leon Ding, Yongchang Lin",9/15/2023,632,"65,733",Fantawild Animation,"Joseph S. Lambert, Nichalia Schwartz, Chris Boike",6.2,1,Çin
Uyanış,Chariot,Bilim-Kurgu,Adam Sigal,7/21/2023,629,"66,695","Sasha Yelaun, Carol Anne Watts, Johnny Remo","Thomas Mann, Rosa Salazar, John Malkovich",3.6,2,ABD
Bir Umut,,Dram,Ümit Köreken,5/19/2023,584,"38,621",Drama Film Prodüksiyon,"Baran Şükrü Babacan, Eylem Yıldız, Funda Eskioğlu",7.2,9,Türkiye
Suna,,Dram,Çiğdem Sezgin,8/18/2023,574,"50,278","Kule Film, Taranna Films","Nurcan Eren, Tarık Pabuççuoğlu, Fırat Tanış",6.7,3,Türkiye
Motelde Katliam,,"Korku, Gerilim","Murat Kuşçu, Feyza Aydın Kılıç",3/24/2023,543,"33,119",HMK,"Feyza Aydın Kılıç, Aleyna Kılıç, Bülent Mert",1.9,4,Türkiye
Kaçak Avcılar,,Aile,Fatih Yıldırım,8/18/2023,538,"45,910",Makinist Film,"Emir Erol, Nisa Duru Yazan, Altuğ Seçkiner",3.2,1,Türkiye
Amcam,My Uncle,Komedi,Jacques Tati,8/11/2023,534,"48,585","Jacques Tati, Fred Orain, Louis Dolivet","Jacques Tati, Jean-Pierre Zola, Adrienne Servantie",7.7,1,Fransa
Gölge Ajan: İstanbul'da Ölümcül Hesaplaşma,"Ten: Vzyat Gordeya, Shadow","Macera, Aksiyon","Ilya Kulikov, Anya Mirohina",8/11/2023,526,"55,381",Alina Gerasimova,"Tatyana Babenkova, Iman Baysayeva, Martin Cooke",4.6,1,Rusya
Kelebek Görüşü,Butterfly Vision,Dram,Maksym Nakonechnyi,8/25/2023,507,"43,658","Darya Bassel, Yelizaveta Smit","Rita Burkovska, Lyubomyr Valivots, Myroslava Vytrykhovska-Makar",6.6,4,"Çek Cumhuriyeti, İsveç, Ukrayna"
Oyun Vakti,Playtime,Komedi,Jacques Tati,8/11/2023,501,"46,523",Bernard Maurice René Silvera,"Jacques Tati, Barbara Dennek, Rita Maiden",7.8,1,Fransa
Harold Fry'ın Beklenmedik Yolculuğu,The Unlikely Pilgrimage of Harold Fry,Dram,Hettie Macdonald,7/14/2023,492,"70,920","Juliet Dowling, Kevin Loader, Marilyn Milgrom","Jim Broadbent, Penelope Wilton, Monika Gossmann",6.8,2,Birleşik Krallık
Özel Bir Hediye,The New Toy,Komedi,James Huth,3/24/2023,478,"47,407",Richard Grandpierre,"Jamel Debbouze, Daniel Auteuil, Alice Belaïdi",5.9,4,Fransa
Para Avı,Hunted,Aksiyon,Ari Novak,9/1/2023,466,"46,764","Rib Hillis, Ari Novak, Todd Slater","Rachel Cook, Rib Hills, Bobby Maximus",3.9,1,ABD
Yenilmez Üçler,Once Upon a Time in Ukraine,"Macera, Komedi, Aksiyon",Roman Perfilyev,7/7/2023,348,"33,267",Yuriy Minzyanov,"Roman Lutskyi, Sergey Strelnikov, Gen Seto",6.7,1,Ukrayna
Teftiş,The Inspection,Dram,Elegance Bratton,7/21/2023,334,"28,815",Effie Brown,"Jeremy Pope, Gabrielle Union, Bokeem Woodbine",6.7,2,ABD
Bay Hulot'nun Tatili,Monsieur Hulot's Holiday,Komedi,Jacques Tati,8/11/2023,333,"30,569","Fred Orain, Jacques Tati ","Jacques Tati, Nathalie Pascaud, Micheline Rolla",7.3,1,Fransa
Bir Tutam Karanfil,,Dram,Bekir Bülbül,10/13/2023,502,"49,255",Mayıs Film,"Demir Parscan, Şam Şerit Zeydan, Bahadır Efe",6.1,1,Türkiye
Umay,,Korku,Osman Tuğra,4/14/2023,328,"8,315",Film Doktoru,"Osman Tuğra, Tamer Küçük, Sude Kasap",3.0,9,Türkiye
Birkaç Mısraymış Meğer,,Dram,"Hüsamettin Elçi, Arin Arjen Öztürk",11/17/2023,260,"28,370",Elçi Belgelendirme,"Seyit Taha Elçi, Şermin Güven, Ahmet Fırat İçigen",3.0,1,Türkiye
Düet,,Belgesel,"Ekin İlkbağ, İdil Akkuş",9/22/2023,254,"17,419",Pablo Film,"Defne Bakırcı, Mısra Gündeş, Nataliya Maschcuk",6.5,5,Türkiye
Simitçi,,Dram,Serkan Özarslan,12/15/2023,246,"28,670",TFT Yapım,"Gürbey İleri, Tolga Güleç, Ece Gökçen",4.0,1,Türkiye
Produkty 24,Convenience Store,"Dram, Suç",Michael Borodin,4/7/2023,237,"15,382",Asya Pavlovskaya,"Zukhara Sanzysbay, Lyudmila Vasilieva, Tolibjon Suleymanov",6.2,1,"Almanya, Rusya"
Sır Şeytanın Kurbanları,,"Korku, Gerilim",Yavuz Duman,10/27/2023,231,"18,255",Nazın Medya,"Murat Sarıyıldız, Yavuz Duman, Şehnaz Dilan",6.4,1,Türkiye
Yasa Dışı,The Gemini Lounge,"Gerilim, Dram, Suç",Danny A. Abeckaser,9/22/2023,222,"20,625","Danny A. Abeckaser, Kyle Stefanski, Jon Brewer","Emile Hirsch, Lucy Hale, Ashley Greene",5.5,1,ABD
Hazep,,Korku,Doğuş Arslan,10/6/2023,205,"18,330",Skypic Films,"Damla Taka, Cemal Aşkın Alpçetin, Doğuş Arslan",3.0,1,Türkiye
Demon Slayer: Kimetsu No Yaiba - Orchestra Concert - Mugen Train Arc,,"Animasyon, Müzik",Hirofumi Kurita,12/15/2023,165,"22,455",CGV Mars D.,Tokyo Philharmonic Orchestra,8.2,1,Japonya
Viyana Operası Sahne Arkası,Backstage Wiener Staatsoper,Belgesel,Stephanus Domanig,12/8/2023,152,"24,750",Prisma Film- und Fernsehproduktion,"Marco Armiliato, Simon Keenlyside, Elina Garanca",6.8,1,Avusturya
Kızım,,"Gerilim, Dram",İhsan Gökhan Gökçay,3/31/2023,73,"4,325",Mor Yapım,"Erol Yavan, Sinem Dalkıran, Pınar Kartal",2.8,2,Türkiye
Borcumuz Borç,,Komedi,Abbas Karatekin,8/11/2023,36,"2,489",Kadraj Film,"Can Şuoruç, Metin Keçeci, Selahattin Taşdöğen",3.0,1,Türkiye
Ali Çevlik,,Dram,Mahmut Baldemir,12/30/2022,"9,387","281,714",Beyrut Yapım,"Erkan Bektaş, Sefa Zengin, Şevki Altunbuken",5.0,5,Türkiye
Hayalimdeki Düğün,Shotgun Wedding,"Komedi, Aşk, Aksiyon",Jason Moore,12/30/2022,"17,084","1,327,834","Jennifer Lopez, Todd Lieberman","Jennifer Lopez, Josh Duhamel, Lenny Kravitz",5.4,2,ABD
Lanetli Göl,Monstrous,"Korku, Gerilim, Gizem",Chris Sivertson,12/30/2022,"30,721","1,973,766","Robert Yocum, B.I. Rosen, Johnny Remo, Sasha Yelaun","Christina Ricci, Santino Barnard, Don Durrell",4.6,4,ABD
Çakallarla Dans 6,,"Komedi, Aksiyon",Murat Şeker,12/2/2022,"862,380","50,504,213","SugarWorkz, TAFF","Şevket Çoruh, İlker Ayrık, Timur Acar",6.9,10,Türkiye
Bergen,,"Dram, Biyografi","Mehmet Binay, M. Caner Alper",3/4/2022,"5,484,798","160,057,802",Orchestra Content,"Farah Zeynep Abdullah, Erdal Beşikçioğlu, Tilbe Saran",6.9,28,Türkiye
Kesişme - İyi ki Varsın Eren,,"Dram, Biyografi",Özer Feyzioğlu,1/1/2022,"2,328,090","53,335,686","Dijital Sanatlar, TRT","İsmail Hacıoğlu, Rahman Beşel, Alayça Öztürk Gidişoğlu",7.3,43,Türkiye
Doktor Strange Çoklu Evren Çılgınlığında,Doctor Strange in the Multiverse of Madness,"Macera, Fantastik, Aksiyon, 3 Boyutlu, IMAX",Sam Raimi,5/6/2022,"1,563,041","59,457,089",Marvel Studios,"Benedict Cumberbatch, Elizabeth Olsen, Rachel McAdams",6.9,17,ABD
Avatar: Suyun Yolu,Avatar: The Way of Water,"Macera, Fantastik, Aksiyon, 3 Boyutlu, IMAX",James Cameron,12/16/2022,"2,608,695","182,608,911",James Cameron,"Sam Worthington, Zoe Saldana, Sigourney Weaver",7.8,8,ABD
Thor: Aşk ve Gök Gürültüsü,Thor: Love and Thunder,"Macera, Fantastik, Aksiyon",Taika Waititi,7/8/2022,"1,229,668","53,833,184",Kevin Feige,"Chris Hemsworth, Tessa Thompson, Natalie Portman",6.3,15,ABD
Minyonlar 2: Gru'nun Yükselişi,Minions: The Rise of Gru,"Macera, Animasyon, 3 Boyutlu","Kyle Balda, Brad Ableson",7/1/2022,"1,194,447","49,750,622","Chris Renaud, Chris Meledandri, Janet Healy","Steve Carell, Alan Arkin, Taraji P. Henson",6.6,26,ABD
Aslan Hürkuş Kayıp Elmas,,Animasyon,"Hakan Bol, H. Sinan Güngor",1/7/2022,"1,167,455","27,460,718","Outline Ajans, Akko Organizasyon","Kayra Özdemir, Elif Gizem Aykul, Nusret Çetinel",6.3,28,Türkiye
The Batman,The Batman,"Dram, Suç, Aksiyon, IMAX",Matt Reeves,3/4/2022,"1,081,473","36,684,759"," Matt Reeves, Dylan Clark","Robert Pattinson, Zoë Kravitz, Paul Dano",7.8,10,ABD
Aslan Hürkuş Görevimiz Gökbey,,Animasyon,"H. Sinan Güngor, Semih Turalı, Yunus Emre Çakır",9/21/2022,"905,431","44,005,073",Outline Animation and Games,"Kayra Özdemir, Elif Gizem Aykul, Fatih Özkul",5.4,16,Türkiye
Kirpi Sonic 2,Sonic the Hedgehog 2,"Macera, Komedi, Aksiyon",Jeff Fowler,4/8/2022,"686,557","22,672,384","Sonic Team, Sega Technical Instute","Jim Carrey, James Marsden, Tika Sumpter",6.5,21,ABD
Dilberay,,"Dram, Biyografi",Ketche,2/4/2022,"686,495","18,555,172",Aytaç Medya,"Büşra Pekin, Ayberk Pekcan, Nursel Köse",5.9,18,Türkiye
Black Adam,,"Bilim-Kurgu, Aksiyon, IMAX",Jaume Collet-Serra,9/21/2022,"527,329","30,276,257","Dwayne Johnson, Dany Garcia, Hiram Garcia, Beau Flynn","Dwayne Johnson, Sarah Shahi, Pierce Brosnan",6.4,9,ABD
Tay,,Animasyon,Nurullah Yenihan,9/23/2022,"516,275","22,461,969",Laciverd,,5.0,19,Türkiye
Kırmızı,Turning Red,"Animasyon, 3 Boyutlu",Domee Shi,3/11/2022,"503,475","15,364,014",Lindsey Collins,"Rosalie Chiang, Sandra Oh, Ava Morse",7.0,18,ABD
Top Gun: Maverick,,"Dram, Aksiyon",Joseph Kosinski,5/27/2022,"498,395","21,624,164","Tom Cruise, Jerry Bruckheimer, Christopher McQuarrie, David Ellison","Tom Cruise, Val Kilmer, Jennifer Connelly",8.3,20,ABD
Black Panther: Yaşasın Wakanda,Black Panther: Wakanda Forever,"Macera, Aksiyon",Ryan Coogler,11/11/2022,"487,382","30,846,700","Kevin Feige, Nate Moore","Letitia Wright, Lupita Nyong'o, Angela Bassett",6.8,7,ABD
Jurassic World: Hâkimiyet,Jurassic World Dominion,"Macera, Bilim-Kurgu, Aksiyon",Colin Trevorrow,6/10/2022,"483,842","18,821,005","Universal Stüdyoları, Amblin Entertainment, Perfect World Pictures, Latina Pictures","Chris Pratt, Bryce Dallas Howard, Laura Dern",5.6,14,ABD
Uncharted,,"Macera, Aksiyon",Ruben Fleischer,2/11/2022,"447,171","13,953,139","Avi Arad, Alex Gartner, Charles Roven, Ari Arad","Tom Holland, Mark Wahlberg, Antonio Banderas",6.3,8,ABD
Fantastik Canavarlar: Dumbledore'un Sırları,Fantastic Beasts: The Secrets of Dumbledore,"Macera, Aile, Fantastik, IMAX",David Yates,4/15/2022,"434,214","16,891,691","David Heyman, J.K. Rowling, Steve Kloves, Lionel Wigram, Tim Lewis","Eddie Redmayne, Jude Law, Katherine Waterston",6.2,9,ABD
Müjdemi İsterim,,Komedi,Ömer Faruk Yardımcı,11/18/2022,"439,991","24,540,616",TMC Film,"Ahmet Kural, Ecem Erkek, Mehmet Özgür",5.4,9,Türkiye
Adanış Kutsal Kavga,,"Dram, Aksiyon",Emir Khalilzadeh,3/11/2022,"410,346","8,494,546",FFP Media,"İsmail Filiz, Esra Bilgiç, Baki İlhan",5.1,17,Türkiye
Kaptan Pengu ve Arkadaşları 2,,Animasyon,"Nurullah Yenihan, Pelin Tuğçe Şen",1/28/2022,"390,773","9,631,773",Siyah Martı,"Şensel Uykal, Onur Akgülgil, Emin Yaraç, Ufuk Yüksel, Ali İhsan Bozdemir",6.6,32,Türkiye
"Barış Akarsu ""Merhaba""",,"Dram, Biyografi",Mert Dikmen,11/18/2022,"367,006","19,775,689","Fikri Harika Prodüksiyon, Aytaç Medya","İsmail Ege Şaşmaz, Almila Ada, Hüseyin Avni Danyal",6.3,7,Türkiye
Benden Ne Olur?,,Romantik-Komedi,Murat Şenöy,1/14/2022,"360,863","9,481,634","Med Yapım, CJ ENM, Ay Yapım","Hazal Kaya, Onur Tuna, Enis Arıkan",4.7,10,Türkiye
Şarkını Söyle 2,Sing 2,"Komedi, Animasyon, 3 Boyutlu",Garth Jennings,1/21/2022,"338,972","8,916,573",Chris Meledandri; Janet Healy,"Arda Aydın, Figen Sumeli,Ali Çorapçı",7.4,9,ABD
Doru Macera Ormanı,,Animasyon,Arkın Aktaç,4/1/2022,"319,467","8,410,665",Anibera,"Dilek Gürel, Özgür Varul, Emin Yaraç",4.2,18,Türkiye
Müstakbel Damat,,Komedi,İlker Ayrık,11/11/2022,"308,886","16,055,486",Pervasız Yapım,"İlker Ayrık, Erdal Özyağcılar, Hande Soral",4.9,8,Türkiye
Nasreddin Hoca Zaman Yolcusu,,Animasyon,Nurullah Yenihan,12/9/2022,"362,677","19,057,674",Siyah Martı,"Ekinsu Karaata, Fatih Özkul, Ender Yiğit",4.1,9,Türkiye
Suikast Treni,Bullet Train,"Gerilim, Aksiyon",David Leitch,8/5/2022,"275,444","14,410,446","David Leitch, Antoine Fuqua, Kelly McCormick","Brad Pitt, Zazie Beetz, Aaron Taylor-Johnson",7.3,10,ABD
Karlar Kraliçesi ve Prenses,The Snow Queen & The Princess,Animasyon,"Andrey Korenkov, Aleksey Tsitsilin",11/11/2022,"251,137","13,460,658",Walt Disney Animation Studios,"Paul Rudd, Evangeline Lilly",6.2,8,Rusya
Kim Bu Aile?,,"Komedi, Aile, Aksiyon",Bedran Güzel,10/7/2022,"213,535","11,341,204",CJ ENM,"Cengiz Bozkurt, Nurgül Yeşilçay, Onur Buldu",5.5,6,Türkiye
Morbius,Morbius,"Macera, Dram, Aksiyon, 3 Boyutlu",Daniel Espinosa,4/1/2022,"208,718","7,061,615","Avi Arad, Lucas Foster, Matthew Tolmach","Jared Leto, Jared Harris, Matt Smith",5.2,5,ABD
Kurak Günler,,Dram,Emin Alper,12/9/2022,"248,148","16,544,461","Ay Yapım, Liman Film","Selahattin Paşalı, Ekin Koç, Erol Babaoğlu",8.1,11,Türkiye
Malazgirt 1071,,"Tarihi, Savaş, Aksiyon","Özgür Bakar, Bilal Kalyoncu",2/11/2022,"197,175","3,465,631",2506,"Cengiz Coşkun, Haluk Piyes, Caner Kurtaran",3.7,19,Türkiye
Çığlık,Scream,"Korku, Gerilim, Gizem","Tyler Gillett, Matt Bettinelli-Olpin",1/14/2022,"193,785","5,317,847","Cathy Konrad, Cary Woods","Neve Campbell, Courtney Cox, Jenna Ortega",6.3,7,ABD
Buğday Tanesi,,Dram,Doğan Ümit Karaca,12/2/2022,"233,125","7,011,590",Beyrut Yapım,"Kutsi, Yeliz Akkaya, Deniz Arna",5.0,9,Türkiye
Kim Demiş Kötüyüz Diye?,The Bad Guys,"Animasyon, 3 Boyutlu",Pierre Perifel,4/29/2022,"183,709","6,259,451",DreamWorks Animation,"Sam Rockwell, Marc Maron, Awkwafina",6.8,11,ABD
DC Süper Evciller Takımı,DC League of Super-Pets,"Macera, Animasyon, Fantastik","Sam Levine, Jared Stern",7/29/2022,"179,278","7,588,542","Patricia Hicks, Jared Stern, Dwayne Johnson","Dwayne Johnson, Kevin Hart, Kate McKinnon",7.2,15,ABD
Moonfall,,"Macera, Fantastik, Aksiyon, IMAX",Roland Emmerich,2/4/2022,"162,340","4,709,991","Roland Emmerich, Harald Kloser","Halle Berry, Patrick Wilson, John Bradley",5.1,8,"ABD, Çin, Kanada"
Yunus Çocuk,Dolphin Boy,"Animasyon, Aile",Mohammed Kheirandish,12/2/2022,"168,214","9,021,367","Mohammed Hamedani, Hüseyin Kuyulu, Hossein Raghebi","Burak Sergen, Esra Bilgiç, Yetkin Dikinciler",5.3,11,İran
Mutlu Oyuncak Dükkanı,,Animasyon,H. Sinan Güngor,6/10/2022,"155,510","5,280,376",Outline Animation and Games,"Elif Gizem Aykul, Hakan Coşar, Elifcan Kamiloğlu",5.9,16,Türkiye
Afacanlar: İş Başa Düştü,,"Komedi, Aile",Enes Ateş,2/4/2022,"149,747","4,195,141",CM Medya,"Berat Efe Parlar, Gürgen Öz, Burak Hakkı",4.5,25,Türkiye
Bandırma Füze Kulübü,,Dram,Ömer Faruk Sorak,10/21/2022,"148,275","7,042,026",İstanbul Sinemacılık,"Alina Boz, Deniz Can Aktaş, Erkan Kolçak Köstendil",7.2,16,Türkiye
Anka,,"Dram, Aksiyon",Süleyman Mert Özdemir,1/28/2022,"131,350","2,181,897",MGX Film,"Ozan Akbaba, Uğur Uzunel, Deniz Işın",4.6,4,Türkiye
Mahlûkat,,Korku,Alper Mestçi,2/18/2022,"128,679","3,473,984","Metronom Yapım, Aytaç Medya, Fikri Harika Prodüksiyon","Adnan Koç, Seda Oğuz, Kurtuluş Şakirağaoğlu",4.8,6,Türkiye
Sevmedim Deme,,"Dram, Biyografi",Burak Kuka,10/14/2022,"124,486","6,045,000","NETD, DMC, Mahzen Media","Kurtuluş Kuş, Burak Bulut, Ceyda Ateş",7.5,8,Türkiye
Hazine Avcısının Maceraları ve Zümrüt Tablet,Tad The Lost Explorer And The Emerald Tablet,Animasyon,Enrique Gato,9/2/2022,"122,648","5,817,800","Telecinco Cinema, Ikiru Films, Lightbox Animation Studios","Oscar Barberán, Luis Posada, Michelle Jenner",6.0,10,İspanya
Aya Sihirli Yolculuk,Moonbound,"Macera, Animasyon, Aile",Ali Samadi Ahadi,10/28/2022,"119,435","6,362,983","Ali Samadi Ahadi, Frank Geiger, Armin Hofmann","Dirk Petrick, Peter Simonischek, Roxana Samadi",4.8,13,"Almanya, Avusturya"
Hep Yek 5: Bizim Şeyimiz mi Altan,,Komedi,Özgür Bakar,11/4/2022,"113,008","5,946,819","2506, TME Films","İnan Ulaş Torun, Önder Açıkbaş, Tuna Orhan",3.3,7,Türkiye
Gülümse,Smile,Korku,Parker Finn,9/30/2022,"100,755","5,570,191"," Paramount Players, Temple Hill Entertainment","Sosie Bacon, Kyle Gallner, Caitlin Stasey",6.6,8,ABD
Mutlu Canavar Ailesi 2,"Monster Family 2, Happy Family 2","Macera, Komedi, Animasyon",Holger Tappe,2/25/2022,"98,956","2,851,366","Holger Tappe, Stefan Mischke, Michael Mack","Emily Watson, Nick Frost, Jessica Brown Findlay",4.8,18,"Almanya, Birleşik Krallık"
Zebun,,Korku,"Mesut Erbaş, Hakan Yusufoğulları",4/29/2022,"90,099","2,930,424","Zer Film, HM Productions","Hakan Akgün, Sema Şimşek, Almina Kahraman",2.9,9,Türkiye
Kendinden Kaçak,,Komedi,Levent Türkan,4/8/2022,"85,935","2,412,948",Blackwhite Film Prodüksiyon,"Atakan Özyurt, Bilal Hancı, Fatih Yasin",2.4,5,Türkiye
Orman Vatandır - Çanakkale Ruhu,,Belgesel,"Mehmet Balaban, Mehmet Ali Sevimli",3/18/2022,"82,481","1,271,946",Erka Medya,"Murat Tavlı, Ferit Kılıç, Harun Kocatürk",6.2,7,Türkiye
Masal Şatosu: Gizemli Misafir,,"Aile, Fantastik",Burak Kuka,8/12/2022,"78,830","3,251,292","RETROPRO, NETD, DMC, WOVIE","Ecrin Su Çoban, Gülse Göçer, Ozan Varol",6.1,13,Türkiye
Siyah Telefon,The Black Phone,Korku,Scott Derrickson,6/24/2022,"76,110","3,056,525","Jason Blum, Scott Derrickson","Ethan Hawke, Mason Thames, Madeleine McGraw",6.9,10,ABD
Hopper ve Çılgın Çetesi: Büyük Macera,"Hopper et le hamster des ténèbres, Chickenhare and the Hamster of Darkness","Macera, Komedi, Animasyon","Ben Stassen, Benjamin Mousquet",5/27/2022,"74,516","2,456,284","Ben Stassen, Caroline Van Iseghem, Matthieu Zeller","Thomas Solivérès, Chloé Jouannet, Nicolas Maury",6.3,21,"Belçika, Fransa"
Sil Baştan Kaynanam,,Komedi,Raşit Çelikezer,12/9/2022,"77,505","2,990,897",Greenart Group,"Alper Saldıran, Algı Eke, Zeynep Eronat",3.2,10,Türkiye
Cesur İtfaiyeci,Fireheart,"Macera, Komedi, Animasyon","Theodore Ty, Laurent Zeitoun",4/22/2022,"68,826","2,219,314"," Laurent Zeitoun, Yann Zenou, Valérie d'Auteuil","Alice Pol, Vincent Cassel, Valérie Lemercier",6.2,17,"Fransa, Kanada"
Zir-i Cin,,"Korku, Gerilim",Emre Pala,7/1/2022,"68,201","2,516,281",HM Productions,"Defne Çoban, Ogan Şenyolcu, Mohamad Ahmad",4.5,6,Türkiye
Ejderham ve Ben,Dragon Rider,"Macera, Animasyon, Aile, 3 Boyutlu",Tomer Eshed,5/13/2022,"68,200","2,251,883","Oliver Berben, Christoph Müller, Martin Moszkowicz","Thomas Brodie-Sangster, Felicity Jones, Freddie Highmore",5.7,11,Almanya
Jujutsu Kaisen 0: The Movie,,"Animasyon, Fantastik, Aksiyon",Seong-Hu Park,5/13/2022,"65,710","2,479,597","Gege Akutami, Chinatsu Akasaki, Toshihiro Maeda","Megumi Ogata, Kana Hanazawa, Mikako Komatsu",7.8,6,Japonya
Efsane Takım: Bilim Kahramanları,,Animasyon,Suat Emuce,10/7/2022,"63,788","2,214,635",Dukka Medya,"Aydoğan Temel, Ercan Demirel, Fatih Özkul",7.2,14,Türkiye
Tamirhane,,Komedi,Erkan Kolçak Köstendil,11/11/2022,"60,158","3,442,775",Sky Films,"Nejat İşler, Rıza Kocaoğlu, Merve Dizdar",5.7,6,Türkiye
Neşeli Kanatlar: Büyük Göç,Duck Duck Goose,Animasyon,Christopher Jenkins,3/18/2022,"59,831","1,590,933","Sandra Rabins, Penney Finkelman Cox, Harley Zhao","Jim Gaffigan, Zendaya, Lance Lim",5.7,20,"ABD, Birleşik Krallık, Çin"
Olmadı Kaçarız,,Komedi,Erkan Nurhan,2/18/2022,"58,359","1,389,323",Medyacızade,"Aykut Elmas, Halil İbrahim Göker, Ezgi Gizem",6.6,2,Türkiye
Elvis,,"Dram, Biyografi, Müzik",Baz Luhrmann,6/24/2022,"58,252","2,914,834","Baz Luhrmann, Catherine Martin, Gail Berman","Austin Butler, Tom Hanks, Olivia DeJonge",7.3,15,ABD
Asi Prenses,"Pil, Pil's Adventures","Macera, Animasyon, Fantastik",Julien Fournet,6/17/2022,"56,978","2,125,214","Jean-François Tosti, David Alaux, Éric Tosti","Kaycie Chase, Paul Borne, Julien Crampon",6.1,16,Fransa
The King's Man: Başlangıç,The King's Man,"Macera, Komedi, Aksiyon",Matthew Vaughn,1/7/2022,"56,639","1,672,259"," Matthew Vaughn, David Reid, Adam Bohlin","Ralph Fiennes, Harris Dickinson, Djimon Hounsou",6.3,5,"ABD, Birleşik Krallık"
Kayıp Şehir,The Lost City,"Romantik-Komedi, Aksiyon","Aaron Nee, Adam Nee",3/25/2022,"56,334","1,896,687","Sandra Bullock, Seth Gordon, Liza Chasin","Sandra Bullock, Channing Tatum, Daniel Radcliffe",6.1,4,ABD
Ayı Kardeşler: Macera Parkı,"Xiong Chu Mo: Kuang Ye Da Lu, Boonie Bears: The Wild Life",Animasyon,Leon Ding,1/28/2022,"56,195","1,343,956",Leon Ding,"Chris Boike, Joseph S. Lambert, Siobhan Lumsden",4.5,23,Çin
Mahalleden Arkadaşlar,,Komedi,Selçuk Aydemir,11/4/2022,"54,731","2,839,118",TR 40 33 Productions,"Nurgül Yeşilçay, Alper Kul, Murat Akkoyunlu",3.2,9,Türkiye
Cennete Bilet,Ticket to Paradise,Romantik-Komedi,Ol Parker,9/16/2022,"53,835","3,418,789"," Deborah Balderstone, Tim Bevan, Sarah Harvey","Julia Roberts, George Clooney, Kaitlyn Dever",6.2,10,ABD
The Menu,,"Korku, Komedi",Mark Mylod,11/18/2022,"54,536","4,333,286","Adam McKay, Will Ferrell, Betsy Koch","Anya Taylor-Joy, Ralph Fiennes, Nicholas Hoult",7.2,9,ABD
Kurtuluş Hattı,,"Dram, Tarihi, Savaş",Selman Kayabaşı,5/13/2022,"52,442","994,139",Yakın Plan,"Hamdi Erdoğan, Gülsim Ali, Yusuf Aytekin",6.1,6,Türkiye
İlk Seans: NMSM,,"Korku, Gerilim",Gökhan Murat Toktamışoğlu,3/11/2022,"52,098","1,486,319",Hann Yapım,Eylül Ezgi Yılmaz,2.1,2,Türkiye
Karlar Kralı Norm 2,,Animasyon,"Richard Finn, Tim Maltby",1/14/2022,"51,953","1,212,357","Andrew Tight, Ken Katsumoto, Liz Young","Fatih Özacun, Uğur Taşdemir, Ali Çorapçı",3.4,19,"ABD, Çin, Güney Kore, Hindistan"
Kuzeyli,The Northman,"Macera, Dram, Aksiyon",Robert Eggers,4/22/2022,"51,920","2,055,860","Alexander Skarsgård, Robert Eggers, Lars Knudsen","Alexander Skarsgård, Anya Taylor-Joy, Claes Bang",7.1,7,ABD
Hazine,,"Macera, Komedi, Aksiyon",Canbert Yerguz,11/4/2022,"49,826","2,748,878",BKM,"Çağlar Çorumlu, Boran Kuzum, Şükran Ovalı",6.2,4,Türkiye
"Tim, Tim, Timsah","Lyle, Lyle, Crocodile","Macera, Animasyon","Josh Gordon, Will Speck",11/18/2022,"48,436","2,896,663","Will Speck, Josh Gordon, Hutch Parker","Javier Bardem, Constance Wu, Winslow Fegley",6.1,8,ABD
Düşler Fabrikası,"Drømmebyggerne, Dreambuilders","Macera, Komedi, Animasyon","Kim Hagen Jensen, Tonni Zinck",4/8/2022,"47,231","1,464,221","Nynne Selin, Sunit Parekh","Emilie Koppel, Alberte Winding, Rasmus Botoft",6.0,12,Danimarka
Amsterdam,,"Dram, Tarihi",David O. Russell,10/7/2022,"46,503","3,067,218"," Christian Bale, David O. Russell, Matthew Budman","Christian Bale, Margot Robbie, John David Washington",6.1,5,ABD
Niloya,,Animasyon,Arkın Aktaç,11/11/2022,"46,208","2,315,673",Anibera,"Berrak Nehir KÖK, Berk Pamir, Zeynep Önen",3.2,7,Türkiye
Tam Kafadan Karavana,,Komedi,"Oğuz Öztürk, Celal Öztürk",4/29/2022,"44,267","1,395,983","Bros Film, Lokum Games","Ali Biçim, Mesut Can Tomay, Efekan Can",4.8,5,Türkiye
Nil'de Ölüm,Death on the Nile,"Gerilim, Dram, Suç",Kenneth Branagh,2/11/2022,"43,585","1,487,199","Kenneth Branagh, Ridley Scott, Judy Hofflund","Kenneth Branagh, Gal Gadot, Emma Mackey",6.3,5,ABD
Dert Etme Sevgilim,Don't Worry Darling,"Korku, Gerilim",Olivia Wilde,9/23/2022,"43,269","2,559,041","Olivia Wilde, Katie Silberman, Roy Lee","Florence Pugh, Harry Styles, Olivia Wilde",6.2,4,ABD
Ambulans,Ambulance,"Gerilim, Dram, Aksiyon",Michael Bay,3/18/2022,"42,560","1,385,973","Michael Bay, James Vanderbilt, Brad Fischer","Jake Gyllenhaal, Yahya Abdul-Mateen II, Eiza González",6.1,4,ABD
Cadılar Bayramı Sona Eriyor,Halloween Ends,Korku,David Gordon Green,10/14/2022,"42,146","2,333,760","Jason Blum, Malek Akkad, Bill Block","Jamie Lee Curtis, Andi Matichak, Kyle Richards",5.0,4,ABD
Kocaayak ve Ailesi,Bigfoot Family,"Macera, Animasyon, Aile","Ben Stassen, Jeremy Degruson",3/25/2022,"42,459","1,209,677","Ben Stassen, Cal Brunker, Caroline Van Iseghem","Kylian Trouillard, Alexis Victor, Marieve Herington",5.8,18,"Belçika, Fransa"
Hayır,Nope,Korku,Jordan Peele,8/19/2022,"41,877","2,183,390","Jordan Peele, Ian Cooper","Daniel Kaluuya, Keke Palmer, Steven Yeun",6.9,6,ABD
"Masal Zamanı ""Melez Prenses""",,"Komedi, Aile, Fantastik","Kubilay Güleçoğlu, Burak Kahraman",1/21/2022,"40,555","953,119",Korsan Medya,"Lavinya Ünlüer, Kaan Yılmaz, Ebrar Demirbilek",7.8,3,Türkiye
Şeytan Kapanı,Prey for the Devil,"Korku, Gerilim",Daniel Stamm,10/28/2022,"40,541","2,127,303","Earl Richey Jones, Todd R. Jones, Paul Brooks","Jacqueline Byers, Virginia Madsen, Colin Salmon",5.2,4,ABD
Laal Singh Chaddha,,"Komedi, Dram, Savaş",Advait Chandan,8/12/2022,"39,578","1,726,403",Aamir Khan; ‎Kiran Rao‎; Jyoti Deshpande,"Aamir Khan, Kareena Kapoor, Naga Chaitanya Akkineni",5.5,8,Hindistan
Her Şey Her Yerde Aynı Anda,Everything Everywhere All at Once,"Macera, Komedi, Bilim-Kurgu, Fantastik, Aksiyon","Dan Kwan, Daniel Scheinert",4/8/2022,"39,057","1,499,757","Daniel Kwan, Daniel Scheinert, Joe Russo","Michelle Yeoh, Jamie Lee Curtis, Stephanie Hsu",8.0,25,ABD
Üç Bin Yıllık Bekleyiş,Three Thousand Years of Longing,"Fantastik, Dram, Romantik",George Miller,9/16/2022,"37,652","1,805,014",George Miller; Doug Mitchell,"Tilda Swinton, Idris Elba, Pia Thunderbolt",6.7,4,"ABD, Avustralya"
Evdeki Düşman: Başlangıç,Orphan: First Kill,"Korku, Gerilim",William Brent Bell,9/9/2022,"36,740","1,923,125"," Entertainment One, Dark Castle Entertainment","Isabelle Fuhrman, Julia Stiles, Rossif Sutherland",5.9,8,ABD
Komutan,,"Dram, Aksiyon","Selahattin Sancaklı, Mert Kılıç",10/7/2022,"35,773","1,720,239",Kılıç Yapım,"Mert Kılıç, Aslıhan Güner, Can Kızılıtuğ",5.5,5,Türkiye
Alem-i Cin 3: Salgın,,Korku,Gökhan Arı,8/26/2022,"34,499","1,396,754",Matine Film,"Dilara Ilgaz, Bulut Genç, Ulukan Ağdaş",2.4,5,Türkiye
Kendi Yolumda,,"Komedi, Dram",Ömer Faruk Sorak,11/25/2022,"34,597","2,086,622",Athena Yapım,"Gökhan Özoğuz, Gökçe Bahadır, Ferit Aktuğ",5.9,6,Türkiye
Erzurumlu Mümessil,,Komedi,Servet Aksoy,5/6/2022,"33,797","849,788",Boz Yapım,"Burak Bozdağ, Dila Danışman, Burcu Binici",6.3,11,Türkiye
Ajan Kedi,,"Macera, Animasyon, Aile","Christoph Lauenstein, Wolfgang Lauenstein",12/16/2022,"39,020","2,348,194","Jan Bonath, Mark Mertens","Alexandra Neldel, Axel Prahl, Santiago Ziesmer",5.5,7,"Almanya, Belçika"
Kan Kokusu,Shark Bait,Gerilim,James Nunn,7/8/2022,"32,078","1,251,784","Andrew Prendergast, Andy Mayson, Nadine Luque","Holly Earl, Jack Trueman, Catherine Hannay",4.4,17,Birleşik Krallık
Kabus Gecesi: Diriliş,Jeepers Creepers: Reborn,"Korku, Gerilim",Timo Vuorensola,11/4/2022,"31,887","1,614,151","Michael Ohoven, Jake Seal","Sydney Craven, Imran Adams, Jarreau Benjamin",2.5,11,"ABD, Birleşik Krallık, Finlandiya"
Ooops! Sevimli Tayfa,Ooops! The Adventure Continues,Animasyon,"Sean Mccormack, Toby Genkel",8/19/2022,"31,295","1,265,816"," Emely Christians, Christine Parisse, Moe Honan","Max Carolan, Ava Connolly, Dermot Magennis",5.8,11,"İrlanda, Lüksemburg"
Elif Ana,,Dram,"Semir Aslanyürek, Kazım Öz",12/9/2022,"42,787","2,303,133",Life Is A Movie,"Aliye Uzunatağan, Hülya Diken, Necmettin Çobanoğlu",8.4,11,Türkiye
Davet,The Invitation,"Korku, Gerilim",Jessica M. Thompson,9/2/2022,"30,885","1,528,544","Emile Gladstone, Sam Raimi","Nathalie Emmanuel, Thomas Doherty, Hugh Skinner",5.3,5,ABD
YAKARI,Yakari le film,Animasyon,"Toby Genkel, Xavier Giacometti",6/3/2022,"28,918","977,886","Caroline Duvochel, Maia Tubiana","Aloïs Agaësse-Mahieu, Arielle Vaubien, Hannah Vaubien",6.3,10,"Belçika, Fransa"
Araf 5: Aile,,Korku,Uğur Kaplan,3/25/2022,"28,610","785,627","DFGS, Kafa İşler","Almira Tuğgül Küçükoğlu, İrem İpek, Can Şuoruç",6.0,2,Türkiye
After: Mutluluk,After Ever Happy,"Dram, Romantik",Castille Landon,8/26/2022,"28,307","1,279,109","Jennifer Gibgot, Aron Levitz","Josephine Langford, Hero Fiennes Tiffin, Louise Lombard",4.5,13,ABD
İlgi Manyağı,Sick of Myself,Komedi,Kristoffer Borgli,11/4/2022,"30,495","1,522,151","Andrea Berentsen Ottmar, Dyveke Bjørkly Graver","Kristine Kujath Thorp, Eirik Sæther, Fanny Vaager",7.2,15,"İsveç, Norveç"
Sihirbazlar Akademisi,The Academy of Magic,Animasyon,"Jorgen Klubien, Cindy Robinson",7/22/2022,"27,349","1,029,180",Allen Tsang,"Laura Stahl, Michael Johnston, Ben Diskin",3.3,15,ABD
Hızlı Ayaklar - Olimpiyat Yolunda,,Animasyon,Çağrı Cem Bayraklı,9/30/2022,"26,804","1,217,663",Minika,"Çetin Altay, Harun Can",7.0,12,Türkiye
Kaos Yürüyüşü,Chaos Walking,"Bilim-Kurgu, Aksiyon",Doug Liman,1/28/2022,"26,586","758,486","Tom Holland, Daisy Ridley, Demian Bichir","Daisy Ridley, Tom Holland, Mads Mikkelsen",5.7,4,ABD
Soygun Oyunu: Büyük Vurgun,,"Komedi, Polisiye",Ali Doğançay,2/18/2022,"26,457","620,648",AD Yapım,"Burak Sevinç, Sercan Badur, Selim Bayraktar",7.3,2,Türkiye
Aynasız Haluk,,Komedi,Bülent İşbilen,4/29/2022,"26,269","894,023",Han Medya Yapım,"Tolgahan Sayışman, Erdal Özyağcılar, Algı Eke",4.5,3,Türkiye
Ayı Kardeşler: Dünya'ya Dönüş,"Xiong chu mo: Chong fan di qiu, Boonie Bears: Back to Earth","Komedi, Animasyon, Aile, 3 Boyutlu",Huida Lin,12/23/2022,"43,968","2,634,556","Ziyan Huang, Tianfu Xu, Zhi Ying","Paul Rudd, Evangeline Lilly",5.9,6,Çin
Samsam,,"Macera, Animasyon, Aile",Tanguy de Kermel,2/18/2022,"25,551","673,868","Didier Brunner, Damien Brunner, Gaetan David","Jérémy Prevost, Sébastien Desjours, Damien Boisseau",5.0,10,"Belçika, Fransa"
Drive My Car,Doraibu Mai Kâ,Dram,Ryûsuke Hamaguchi,1/28/2022,"25,532","678,430",Teruhisa Yamamoto,"Hidetoshi Nishijima, Tôko Miura, Reika Kirishima",7.6,20,Japonya
Canavar,Beast,Gerilim,Baltasar Kormakur,9/2/2022,"25,172","1,194,458","Baltasar Kormákur, James Lopez, William Packer","Idris Elba, Sharlto Copley, Leah Jeffries",5.6,4,ABD
Gulliver Dönüyor,Gulliver Returns,"Macera, Animasyon, Aile",Ilya Maksimov,10/14/2022,"24,896","1,307,525","Boris Shefir, Andrey Yakovlev, Oleg Khodachuk","Harun Can, Uğur Taşdemir, Begüm Günceler",4.3,9,Ukrayna
After Ayrılık,After We Fell,"Dram, Romantik",Castille Landon,5/20/2022,"24,720","908,692","Hero Fiennes-Tiffin, Brian Pitt, Courtney Solomon","Josephine Langford, Hero Fiennes Tiffin, Louise Lombard",4.7,11,ABD
Yanlış Anlama 2,,Komedi,Aykut Taşkın,9/30/2022,"24,592","1,150,678","Bahadır Efe,Duygu Karaca,Hakan Bilgin","Cemal Hünal, Yılmaz Gruda, M. Fatih Özkan",4.7,4,Türkiye
One Piece Film: Red,,"Macera,Animasyon,Aksiyon",Gorô Taniguchi,11/25/2022,"24,475","1,559,363",Eiiçiro Oda,"Mayumi Tanaka, Kazuya Nakai, Akemi Okamura",6.8,3,Japonya
Kaptan Sabertooth ve Minik Korsanlar Kayıp Elmas Peşinde,Kaptein Sabeltann og den magiske diamant,"Macera,Animasyon","Marit Moum Aune, Rasmus A. Sivertsen", 31.12.2022,"23,524","339,465",Özen film," Kyrre Haugen Sydness,Leonard Valestrand Eike,Jon Øigarden",5.8,21,Norveç
Koloni,"Tides, The Colony","Gerilim, Bilim-Kurgu",Tim Fehlbaum,1/21/2022,"23,261","627,276","Thomas Wobke,Ruth Waldburger,Philipp Trauer","Nora Arnezeder, Iain Glen, Sarah-Sofie Boussnina",5.4,10,"Almanya, İsviçre"
Tavşan Okulu: Çılgın Yumurtalar,"Die Häschenschule - Der große Eierklau, Rabbit Academy: Mission Eggpossible","Macera, Komedi, Animasyon",Ute von Münchow-Pohl,9/9/2022,"23,627","1,033,984",Dirk Beinhold,"Friedrich Von Thun,Senta Berger,Jule Böwe",5.5,12,Almanya
Süper Yetenek 2,Rock Dog 2,"Macera, Komedi, Animasyon",Mark Baldo,5/19/2022,"23,216","729,509","Andrew Tight, Ken Katsumoto, Liz Young"," Andrew Francis , Brain Dabson, Sabrina Pitre",5.0,12,"ABD,Çin"
Cânn,,Korku,Eren Ergin,9/16/2022,"21,902","939,013",Cihangir Yapım,"Alihan Demirbilek, Sahra Yalçın, Ekrem Türker",4.9,6,Türkiye
İkiz,The Twin,Korku,Taneli Mustonen,4/29/2022,"21,891","806,327"," Aleksi Hyvärinen , Joris van Wijk ","eresa Palmer, Steven Cree, Barbara Marten",5.1,3,Filandiya
Korku Evi,Behind You,Korku,"Matthew Whedon, Andrew Mecham",8/12/2022,"21,545","902,957"," Larissa beck, Jesse ranney","Addy Miller, Elizabeth Birkner, Jan Broberg",4.2,6,ABD
Korku Takvimi,,Korku,Yunus Şevik,5/13/2022,"21,243","691,524",Dras Film Pictures,"Nevin Efe, Melisa Seda, Zafer Kora",5.8,9,Türkiye
Kadın Kral,The Woman King,"Dram, Tarihi",Gina Prince-Bythewood,10/14/2022,"20,742","1,257,394","Viola Davis,Julius Tennon,Cathy Schulman","Viola Davis, John Boyega, Thuso Mbedu",6.8,4,ABD
Cesur Balık Sihirli Dünyada,Magic Arch,"Animasyon, 3 Boyutlu",Vasiliy Rovenskiy,5/19/2022,"20,710","676,909"," Roman Borisevich,maxim rogalsky, vasiliy rovenskiy"," Stephen Thomas Ochsner,Daniil Medvedev,Liza Klimova",4.2,9,Rusya
Semur 3: Kıyamet-i Cin,,Korku,Burak Çelik,6/3/2022,"20,124","545,795",BMS Film,"Gizem Tan, Zülfü Hamit Altın, Volkan Başaran",4.0,5,Türkiye
Acil İniş,Emergency Declaration,"Gerilim, Dram, Aksiyon, IMAX",Jae-rim Han,11/20/1953,"19,683","997,816","Han Suk-kyu , Kim Do-soo , Zoo-Young Eum","Lee Byung-hun, Kang-ho Song, Jeon Do-yeon",6.9,6,Güney Kore
Cumali Ceber 666,,Komedi,Fuat Kurtoğlu,1/21/2022,"19,660","468,401",2506,"Halil Söyletmez, Doğa Konakoğlu, Deniz Deliç",1.0,2,Türkiye
